{"type":"FeatureCollection","features":[{"type":"Feature","properties":{"name":"Lombardia","boundary":"administrative","admin_level":"4","type":"boundary","osm_id":44879,"wikidata":"Q1210"},"geometry":{"type":"MultiPolygon","coordinates":[[[[8.4978518,45.2917672],[8.5168155,45.2912932],[8.5192094,45.2870456],[8.5130891,45.282663],[8.5140772,45.2743206],[8.5232545,45.2743683],[8.5224115,45.2791355],[8.5351059,45.2778017],[8.5360911,45.2721969],[8.5307069,45.267126],[8.5362221,45.2627026],[8.5330483,45.2581432],[8.5436197,45.2539822],[8.5360139,45.2475875],[8.5309058,45.2536877],[8.5227683,45.2546261],[8.5220818,45.2499222],[8.5251773,45.2469061],[8.5561804,45.2413959],[8.5553597,45.2388093],[8.548728,45.2379551],[8.5290974,45.2395141],[8.5436511,45.2340013],[8.5391724,45.2301397],[8.5270798,45.2291541],[8.5232449,45.2216039],[8.5365934,45.2149707],[8.5480486,45.2041248],[8.5322368,45.1992813],[8.5254165,45.2019896],[8.5245149,45.1983337],[8.5279594,45.1945919],[8.5511926,45.1959795],[8.5506049,45.2011531],[8.5568762,45.2051743],[8.5777938,45.2079157],[8.5811897,45.2022262],[8.5642124,45.1980373],[8.5607909,45.1908499],[8.5535608,45.1909502],[8.5512227,45.1854411],[8.5439499,45.1812895],[8.5429346,45.172842],[8.5478223,45.1679812],[8.5569272,45.1667378],[8.5525126,45.1601157],[8.5543778,45.1573594],[8.5806611,45.1522684],[8.5864706,45.146717],[8.5917421,45.1313224],[8.6141632,45.1265462],[8.6084654,45.1192737],[8.6128319,45.1144637],[8.6090947,45.1068895],[8.6233706,45.0983499],[8.6224046,45.0904612],[8.6354872,45.0890365],[8.6401493,45.0767009],[8.6459876,45.0753328],[8.636897,45.0665276],[8.6441899,45.0617706],[8.6421404,45.060504],[8.6469489,45.0546858],[8.6384698,45.0503812],[8.6412944,45.0440551],[8.6346019,45.040962],[8.6403216,45.0359324],[8.6522627,45.0349229],[8.6525962,45.0304478],[8.6570268,45.0284313],[8.6518798,45.0233724],[8.6592382,45.0179237],[8.665999,45.0206083],[8.6672896,45.0285651],[8.6812833,45.0290484],[8.6913216,45.0239607],[8.6929931,45.0198468],[8.6972263,45.0256531],[8.7044399,45.0249534],[8.7026932,45.0314541],[8.7103267,45.0382471],[8.7251093,45.0220275],[8.743428,45.0240118],[8.7511023,45.0203394],[8.7539551,45.0153603],[8.7480501,45.0145928],[8.7481446,45.0094159],[8.7554974,45.0123372],[8.7577936,45.0121195],[8.7550904,45.0097013],[8.759405,45.0095459],[8.7651441,45.0130551],[8.7672415,45.0072937],[8.7717482,45.0067807],[8.7791534,45.0134178],[8.7754765,45.0206779],[8.7776986,45.0237339],[8.7921043,45.0198182],[8.8007494,45.0228582],[8.8027273,45.0273086],[8.7943704,45.0326229],[8.7962125,45.0358128],[8.8044517,45.0356832],[8.8134937,45.0301082],[8.8154435,45.0321908],[8.8055896,45.0370804],[8.8232097,45.036785],[8.8193069,45.0429722],[8.8230888,45.047695],[8.8270079,45.0403195],[8.8317149,45.0458447],[8.8421222,45.0426301],[8.8404815,45.0481707],[8.8430523,45.0507218],[8.8524166,45.0477727],[8.8618165,45.0510971],[8.8637205,45.0459594],[8.8667424,45.0456929],[8.8656625,45.0517228],[8.8761966,45.0536701],[8.8809322,45.0602644],[8.887399,45.0597954],[8.88791,45.0571659],[8.8810586,45.0540803],[8.8859038,45.0501605],[8.8987156,45.0498305],[8.9001569,45.0436207],[8.894923,45.0405012],[8.9022269,45.0378882],[8.9047591,45.026071],[8.9012737,45.0077628],[8.9072188,45.0028348],[8.909697,44.9944785],[8.9173387,44.9903614],[8.9165442,44.9870842],[8.9241803,44.9864054],[8.925432,44.9818139],[8.9425001,44.9810948],[8.9441401,44.9864643],[8.9464693,44.9839595],[8.9488747,44.9877991],[8.9614408,44.9870048],[8.97906,44.9670702],[8.9765988,44.9606917],[8.9802533,44.9519875],[8.9717206,44.9539211],[8.9695902,44.9434915],[8.9824515,44.9353793],[8.9825795,44.9313014],[8.9915899,44.9307533],[8.9886129,44.9250818],[8.9933014,44.9244701],[8.9955446,44.9186189],[9.0021622,44.9174037],[8.9983955,44.9138929],[9.0028801,44.9104001],[8.9996877,44.9093199],[9.0061731,44.9037385],[9.0201456,44.8996822],[9.0304559,44.8881179],[9.0390884,44.888783],[9.0433666,44.8838052],[9.0556689,44.8885978],[9.0623608,44.8697745],[9.0681376,44.8690215],[9.0700667,44.8646843],[9.0675803,44.8600948],[9.0599588,44.8581996],[9.0490038,44.8498599],[9.0649549,44.8327209],[9.0641111,44.8301898],[9.0729065,44.828035],[9.0754283,44.8218039],[9.0726397,44.8170886],[9.0788379,44.8141763],[9.0951451,44.8190255],[9.1062113,44.8128312],[9.1089923,44.8054378],[9.1220008,44.8098898],[9.130831,44.80573],[9.137099,44.8093865],[9.1464682,44.8088168],[9.1560356,44.8153577],[9.1609768,44.8147387],[9.1551195,44.8094085],[9.1650463,44.8004374],[9.1746078,44.7971194],[9.1717256,44.7716835],[9.1924028,44.75704],[9.2135504,44.7523482],[9.2111118,44.7319986],[9.2028303,44.7220571],[9.2084437,44.7029171],[9.2006546,44.686459],[9.2163933,44.6835007],[9.2429813,44.6866881],[9.2323168,44.7017262],[9.2361638,44.7142001],[9.2484166,44.6983795],[9.2543583,44.6958593],[9.255007,44.6865854],[9.2605038,44.6801588],[9.2668035,44.684686],[9.2806302,44.6862373],[9.2829895,44.6858128],[9.2847781,44.6851332],[9.2856782,44.6850184],[9.2858872,44.6848604],[9.2815859,44.6800233],[9.2978054,44.6802027],[9.303685,44.6882894],[9.3244766,44.6898436],[9.3258948,44.6937781],[9.3172334,44.695729],[9.3086311,44.7056506],[9.3142255,44.709844],[9.3124281,44.7171678],[9.3253842,44.7231497],[9.3343205,44.7353715],[9.3281465,44.7368478],[9.3232377,44.7435639],[9.3153561,44.7442341],[9.2877248,44.7577069],[9.2849266,44.7645016],[9.2867446,44.7721444],[9.31656,44.7833184],[9.3215294,44.7927199],[9.3213722,44.8005305],[9.33876,44.8038876],[9.3583366,44.8144999],[9.3622933,44.8217695],[9.3477435,44.8402561],[9.3456025,44.859347],[9.3419413,44.8635664],[9.3435669,44.8703041],[9.3266401,44.8725592],[9.3227423,44.8810107],[9.3092964,44.8758438],[9.2950438,44.8798605],[9.288877,44.8828829],[9.2932597,44.8903524],[9.2776449,44.8955182],[9.2832639,44.9035499],[9.2860566,44.9032468],[9.2868505,44.9118914],[9.2920793,44.9122843],[9.2903033,44.9190178],[9.2950067,44.9214293],[9.2868229,44.9280872],[9.2858753,44.9340715],[9.2927927,44.932393],[9.3110296,44.9354098],[9.3220815,44.9445701],[9.3245472,44.9561487],[9.3290756,44.9615594],[9.3381455,44.9647196],[9.3347246,44.9739027],[9.3428987,44.9862561],[9.3445682,44.9947128],[9.3551094,45.001702],[9.3608177,44.9989655],[9.3647302,45.0017212],[9.3719084,45.0107854],[9.3706138,45.0144488],[9.3759342,45.0185363],[9.3695113,45.0235848],[9.3767944,45.0406058],[9.3707991,45.0478314],[9.3909124,45.0656868],[9.3997401,45.0697475],[9.4003858,45.0737645],[9.4137414,45.0744999],[9.4147667,45.0770572],[9.4100704,45.0794461],[9.4126541,45.0838387],[9.4362524,45.0823286],[9.4393442,45.086624],[9.4388679,45.0938992],[9.4691948,45.0954213],[9.4997656,45.103924],[9.5141819,45.0943623],[9.5229234,45.0800151],[9.5347366,45.0794958],[9.5505429,45.0919707],[9.5363206,45.1205319],[9.5392226,45.1294376],[9.5458346,45.1339991],[9.5576455,45.1284936],[9.5698104,45.1051915],[9.585978,45.1006358],[9.6101016,45.1093674],[9.6141826,45.1141703],[9.6179263,45.132313],[9.6292036,45.1322566],[9.6363575,45.1266784],[9.6409144,45.116681],[9.6316009,45.0907371],[9.6323058,45.0854979],[9.6438702,45.0807479],[9.6717096,45.0800315],[9.6876378,45.0686283],[9.7151894,45.0582335],[9.7251428,45.0605665],[9.7379608,45.0730107],[9.7496086,45.0772587],[9.7535613,45.0867422],[9.7472922,45.0976602],[9.7451242,45.1114719],[9.7568732,45.1118853],[9.7669345,45.1073391],[9.7801704,45.0886844],[9.7916651,45.0824554],[9.8143004,45.0790461],[9.8178796,45.0716123],[9.8166849,45.0542464],[9.8239595,45.0526084],[9.8350393,45.0636928],[9.8365443,45.0728189],[9.830558,45.0829656],[9.8372658,45.0947851],[9.844538,45.0971277],[9.8634429,45.0925564],[9.8713495,45.0816151],[9.8811965,45.0748799],[9.8874717,45.0759155],[9.8995355,45.0847449],[9.900973,45.0963483],[9.8796131,45.1108766],[9.8759672,45.1163699],[9.87555,45.1223993],[9.8835138,45.127833],[9.9118983,45.1391215],[9.9204225,45.137762],[9.9270125,45.1253452],[9.921097,45.114189],[9.9135756,45.109941],[9.9122008,45.1041587],[9.9208495,45.1002349],[9.9420075,45.1079519],[9.9718687,45.1311877],[9.9851715,45.1343077],[10.028822,45.0954963],[10.0289907,45.0877179],[10.0238728,45.081984],[10.0221582,45.0724734],[10.0488227,45.0565074],[10.0520755,45.0476967],[10.0503825,45.0415846],[10.0815872,45.0472545],[10.0842624,45.0329791],[10.0945481,45.0232383],[10.1081549,45.0226753],[10.1442638,45.0333891],[10.1584779,45.0437716],[10.1685981,45.0427747],[10.1747937,45.0363398],[10.1737345,45.0319779],[10.187038,45.0279664],[10.210506,45.0332892],[10.2212961,45.0306738],[10.2539734,45.0183818],[10.2647171,45.0042979],[10.276165,44.9976325],[10.3044222,45.0003058],[10.310476,44.993362],[10.3091982,44.9873241],[10.3130454,44.9830892],[10.3433011,44.9742629],[10.3612673,44.9650052],[10.3694555,44.9666596],[10.3901091,44.9819618],[10.4026494,44.982892],[10.4161337,44.9793691],[10.4255862,44.9695179],[10.4331849,44.9484803],[10.4423278,44.9424769],[10.4671947,44.937668],[10.5021598,44.9247664],[10.520872,44.9136625],[10.5664508,44.9102742],[10.6265338,44.9220269],[10.6303481,44.9300664],[10.6442083,44.9415534],[10.6554227,44.9597733],[10.6803512,44.9764854],[10.6855846,44.9873655],[10.6956339,44.9741633],[10.6890614,44.9655665],[10.6938713,44.9614677],[10.711534,44.9740791],[10.7129989,44.9861794],[10.7272471,44.992012],[10.7322456,44.9908784],[10.7306356,44.9868707],[10.7387944,44.9857473],[10.7410253,44.97501],[10.7489735,44.962604],[10.7427336,44.95368],[10.7435283,44.9488587],[10.7964698,44.9394935],[10.7999005,44.9429348],[10.802934,44.9359578],[10.8075541,44.9340001],[10.811157,44.9377696],[10.830232,44.9319798],[10.8344296,44.9359776],[10.8398167,44.93462],[10.8484329,44.9247503],[10.8651969,44.9296065],[10.866885,44.9260389],[10.8645611,44.9240978],[10.8675896,44.9247744],[10.8674734,44.9210397],[10.8745926,44.9223486],[10.8771874,44.9170832],[10.8969613,44.922394],[10.8898087,44.9175071],[10.8913196,44.9133983],[10.9179787,44.9250781],[10.9423829,44.9228586],[10.9523178,44.9289134],[10.9516083,44.9342575],[10.9681614,44.9357279],[10.9971002,44.9549206],[11.0470406,44.9528438],[11.0583204,44.9510656],[11.0589188,44.9480876],[11.0733892,44.9629506],[11.1180215,44.9544667],[11.1294633,44.9451529],[11.1415562,44.9427308],[11.1428603,44.9373946],[11.1524356,44.9332445],[11.1606965,44.9395879],[11.1998985,44.9380739],[11.2131244,44.943485],[11.2387027,44.9451422],[11.2465842,44.9521626],[11.2658071,44.9460488],[11.2722572,44.9383227],[11.2851208,44.956617],[11.3010301,44.9572529],[11.3014333,44.96275],[11.313613,44.9588421],[11.327187,44.9630225],[11.335873,44.9565827],[11.3576778,44.9496075],[11.3633769,44.9551851],[11.3772165,44.958947],[11.3985664,44.9550595],[11.4014352,44.947766],[11.4272142,44.951959],[11.4276477,44.9546655],[11.4207772,44.9652857],[11.3303864,44.992502],[11.3036848,45.0165231],[11.2756556,45.0172995],[11.2704346,45.0283724],[11.2625858,45.0309639],[11.2712977,45.0469597],[11.2648287,45.0561654],[11.2538387,45.0516309],[11.2481231,45.0438873],[11.2361963,45.0429514],[11.2109004,45.0580884],[11.1811285,45.0612329],[11.1741857,45.0590159],[11.1746456,45.0744901],[11.1883682,45.0840848],[11.1768164,45.0884915],[11.1775087,45.097345],[11.2054775,45.1094914],[11.2037958,45.1117203],[11.1876756,45.1098151],[11.1591297,45.1186996],[11.1459392,45.1262906],[11.1375886,45.1238965],[11.1341133,45.1088915],[11.1276352,45.1031667],[11.1058592,45.1076188],[11.1017535,45.1138026],[11.094526,45.1057541],[11.0940904,45.0997464],[11.0980098,45.0961166],[11.0832974,45.0997018],[11.0738651,45.0982532],[11.0390934,45.11431],[11.0285296,45.1237742],[11.0294684,45.1281067],[11.0440668,45.1344972],[11.0419748,45.1437218],[11.0497736,45.1505796],[11.0467952,45.1533296],[11.0318844,45.1494047],[11.0283221,45.1593212],[11.0107648,45.149091],[11.0062305,45.15343],[10.9939314,45.1504444],[10.9923127,45.1531358],[10.9971971,45.1567141],[10.9988003,45.1649714],[10.9958475,45.1693912],[10.9971458,45.1786122],[10.9907491,45.1825706],[10.9979668,45.1848163],[10.9968949,45.1871968],[10.9838886,45.2004],[10.9761428,45.199809],[10.9652676,45.2062381],[10.9472544,45.2055616],[10.9450597,45.2110392],[10.9335721,45.2137002],[10.9304401,45.218104],[10.9307216,45.2259902],[10.9363856,45.2329614],[10.9008835,45.2377281],[10.8982991,45.2476412],[10.8798617,45.2460046],[10.8788085,45.2522409],[10.8563984,45.2551322],[10.8536811,45.2579505],[10.8459692,45.2563256],[10.8393987,45.2667477],[10.8403691,45.2723472],[10.8305819,45.279547],[10.8300549,45.2845274],[10.8172378,45.2891294],[10.817279,45.2950409],[10.7830599,45.3156942],[10.7366735,45.2868206],[10.7276744,45.2932386],[10.7328699,45.3049113],[10.7307563,45.3158756],[10.724125,45.3187944],[10.7062456,45.3163096],[10.7134554,45.324136],[10.7146854,45.3342839],[10.7031337,45.3411529],[10.6889769,45.3420963],[10.6851657,45.3535703],[10.70412,45.3587391],[10.7147102,45.3675872],[10.7062303,45.369867],[10.6990974,45.3750818],[10.6973585,45.380189],[10.7071707,45.3825191],[10.7076677,45.3873853],[10.7165532,45.3979558],[10.7186004,45.405494],[10.7153419,45.4169646],[10.697729,45.4233407],[10.6978824,45.4212908],[10.690361,45.424563],[10.6757822,45.4245355],[10.664617,45.4283223],[10.6635691,45.4224085],[10.6563212,45.4219466],[10.6544987,45.4157029],[10.6436657,45.4178084],[10.6520934,45.4281232],[10.6444888,45.4322652],[10.6492801,45.4407684],[10.6435022,45.4409421],[10.6424444,45.4438655],[10.6272143,45.4384631],[10.6232497,45.4401798],[10.6235167,45.4438679],[10.6434068,45.4442126],[10.6430665,45.4471256],[10.6480545,45.4485768],[10.6421579,45.4567207],[10.6279052,45.6068862],[10.6904738,45.659867],[10.770194,45.7490882],[10.8106265,45.8001126],[10.842675,45.8318248],[10.8252964,45.8378781],[10.8037815,45.8344958],[10.7967317,45.83639],[10.7915181,45.8333572],[10.7734369,45.8430791],[10.7624162,45.839518],[10.7562734,45.8301655],[10.7444594,45.840822],[10.7266279,45.8422567],[10.7100858,45.8361506],[10.6995276,45.8417103],[10.6758708,45.8306117],[10.6532268,45.8328029],[10.6571992,45.8232881],[10.6508345,45.8188763],[10.6511558,45.8132439],[10.6446099,45.8031139],[10.6411727,45.8020649],[10.634868,45.8069304],[10.600939,45.8029801],[10.583992,45.7951889],[10.5804084,45.7890868],[10.5622721,45.7838024],[10.5326699,45.7881011],[10.5368494,45.7914291],[10.5300389,45.7962985],[10.534971,45.8016809],[10.5338499,45.8049522],[10.525956,45.805431],[10.544049,45.81714],[10.5289049,45.8266871],[10.5079561,45.8236739],[10.5023504,45.8302765],[10.5029585,45.8364714],[10.5079821,45.840994],[10.5043956,45.848892],[10.5070681,45.851147],[10.501535,45.8584729],[10.5043412,45.874114],[10.4904499,45.8844881],[10.4973252,45.8929249],[10.492218,45.896957],[10.4943889,45.899832],[10.5023772,45.9003031],[10.5077678,45.9050967],[10.5068239,45.9106175],[10.5109269,45.9154933],[10.5086452,45.9234774],[10.4915018,45.9328974],[10.4915324,45.9416724],[10.4847376,45.9452037],[10.4830825,45.951773],[10.4899488,45.9623669],[10.488777,45.9717336],[10.4784451,45.9701309],[10.4535827,45.9765076],[10.4530101,45.9895339],[10.4572724,45.9955934],[10.4583682,46.0103379],[10.4708905,46.0209944],[10.482119,46.0211565],[10.4847833,46.024529],[10.4853902,46.0384622],[10.4824525,46.0414731],[10.4849297,46.046025],[10.4774114,46.0512363],[10.481021,46.0562085],[10.4883096,46.0599432],[10.4909959,46.0667224],[10.5172624,46.0799899],[10.5210335,46.088314],[10.5414802,46.1029381],[10.5495795,46.1173071],[10.5507806,46.1375401],[10.5463518,46.1410606],[10.5468112,46.1448679],[10.5540124,46.1482545],[10.5573664,46.1597498],[10.5654924,46.1667756],[10.5544533,46.1804129],[10.541282,46.1900596],[10.5482856,46.1967237],[10.5505238,46.2064267],[10.5702238,46.2212366],[10.5682525,46.2337142],[10.5807806,46.2396196],[10.585771,46.245334],[10.5757004,46.2756781],[10.5596987,46.2831512],[10.5796093,46.2988182],[10.5752982,46.306362],[10.5644202,46.3140368],[10.5658128,46.3263203],[10.5274756,46.3421752],[10.51568,46.3432571],[10.5157899,46.3459938],[10.5197291,46.355895],[10.5400479,46.3547768],[10.5439411,46.3585985],[10.5411888,46.364211],[10.5527209,46.3675196],[10.5672721,46.3779178],[10.5773823,46.3760011],[10.6074793,46.3793524],[10.6077267,46.3860626],[10.6161408,46.3884278],[10.6227766,46.3977428],[10.6327598,46.4014929],[10.6290294,46.4036745],[10.6305299,46.4078064],[10.6247661,46.408073],[10.6175386,46.4161492],[10.6161643,46.429641],[10.619784,46.435453],[10.6165875,46.4432379],[10.6223034,46.4481306],[10.6104819,46.4553645],[10.6003433,46.4687409],[10.5772644,46.4734676],[10.5603562,46.4823814],[10.5501831,46.4923011],[10.537008,46.491696],[10.4938272,46.4983835],[10.4846706,46.4939451],[10.4767705,46.4955639],[10.4748936,46.4991955],[10.4566292,46.5082022],[10.4528003,46.5306824],[10.4366877,46.5373903],[10.4191246,46.5510785],[10.3970401,46.5439172],[10.3756114,46.5526261],[10.3518676,46.5558788],[10.3502275,46.5494232],[10.33819,46.5427256],[10.3254683,46.5517323],[10.3114304,46.546687],[10.2960711,46.5499735],[10.2959946,46.558877],[10.2874191,46.5703962],[10.2693359,46.5776933],[10.2541346,46.5712436],[10.2460723,46.575007],[10.2418397,46.5915995],[10.2590847,46.6102159],[10.244788,46.6221671],[10.2399377,46.6353163],[10.2241325,46.6291293],[10.2153195,46.6169394],[10.1934001,46.6231352],[10.1927651,46.6259337],[10.1373617,46.6107398],[10.1363328,46.6075988],[10.1276236,46.6051029],[10.1023535,46.6107363],[10.0970308,46.5934845],[10.1011612,46.5891965],[10.1006758,46.5827219],[10.0956946,46.5773508],[10.0786732,46.5751226],[10.0853936,46.5671178],[10.0823344,46.5634925],[10.0717103,46.5590314],[10.0686851,46.551182],[10.0614154,46.5457035],[10.0467663,46.5440438],[10.043892,46.5404664],[10.0456252,46.5356321],[10.0535347,46.5316873],[10.0504341,46.5289659],[10.0539918,46.5226654],[10.0515304,46.5133547],[10.0422688,46.5100453],[10.0490901,46.4995961],[10.0448095,46.4931919],[10.0484904,46.4878122],[10.0428271,46.4800312],[10.0514631,46.4722109],[10.0544643,46.4646603],[10.0418416,46.4522289],[10.0424683,46.4489951],[10.0391489,46.4469824],[10.0419084,46.4428648],[10.0562782,46.4408682],[10.0614963,46.4274336],[10.0771538,46.4281898],[10.080174,46.4210851],[10.1007307,46.4213457],[10.1079139,46.4282853],[10.1172301,46.4260323],[10.1192208,46.429227],[10.1291048,46.4317517],[10.1430098,46.4283238],[10.1472002,46.4231787],[10.1476693,46.4142237],[10.1611339,46.4153874],[10.1667266,46.4075934],[10.1621013,46.4042328],[10.1620242,46.3875142],[10.1557741,46.3849129],[10.1425658,46.3862243],[10.127659,46.377744],[10.1259943,46.3698216],[10.1291198,46.3608824],[10.1084459,46.3523268],[10.1092343,46.3460398],[10.1059596,46.3421767],[10.1045631,46.3331522],[10.1166088,46.3140817],[10.1388231,46.3046365],[10.1389242,46.2995688],[10.1542821,46.2927843],[10.1566378,46.2892809],[10.1545067,46.2853663],[10.1624909,46.2823205],[10.1633514,46.2714533],[10.172015,46.2666102],[10.1765238,46.2582761],[10.1749338,46.2546121],[10.1508731,46.239642],[10.1459512,46.2304825],[10.1323238,46.2248767],[10.0946838,46.2285853],[10.0810879,46.225452],[10.0703692,46.2171662],[10.0586121,46.2249737],[10.0438085,46.229717],[10.0537089,46.2358266],[10.0534087,46.2412572],[10.0606499,46.2482616],[10.055535,46.265835],[10.0312407,46.2770358],[9.9959304,46.2849247],[9.9917375,46.2962565],[10.00076,46.3015575],[9.9962498,46.307314],[10.0000665,46.3131885],[9.9799448,46.3231282],[9.9854615,46.334079],[9.9959571,46.342223],[9.9963818,46.351142],[9.9851105,46.3516436],[9.9645192,46.3637647],[9.9557188,46.3736173],[9.9579571,46.3789399],[9.9344693,46.3747868],[9.929988,46.3715803],[9.9311038,46.3680019],[9.9251799,46.3659841],[9.9229514,46.3706383],[9.916901,46.3703332],[9.9067981,46.3808784],[9.8836546,46.3734074],[9.8805869,46.3683539],[9.8682052,46.3623607],[9.8491486,46.3643783],[9.8326651,46.3609728],[9.8183144,46.3496774],[9.7847509,46.3408028],[9.7768719,46.3348247],[9.7651695,46.3374234],[9.7435143,46.3517989],[9.7369347,46.3509178],[9.72296,46.3407507],[9.7275236,46.332686],[9.717357,46.3235164],[9.725906,46.3196772],[9.7260028,46.3135079],[9.7181538,46.3062771],[9.714508,46.2929229],[9.7097531,46.2919088],[9.6873858,46.293926],[9.6769697,46.3031251],[9.6689442,46.2960279],[9.662123,46.2966537],[9.6498228,46.2897091],[9.634983,46.286119],[9.6186866,46.2873638],[9.6103631,46.2945787],[9.5781775,46.2954447],[9.5601576,46.306164],[9.5495751,46.3023376],[9.5332195,46.3126892],[9.5184896,46.3270969],[9.5114859,46.336602],[9.5085724,46.3513979],[9.5004704,46.3560676],[9.4964149,46.3643227],[9.4610869,46.3759888],[9.4631948,46.3802039],[9.4611833,46.3834179],[9.4690055,46.3886322],[9.4617197,46.4117903],[9.454435,46.4207798],[9.4607017,46.4422662],[9.4591771,46.4630867],[9.4655893,46.4695003],[9.4628725,46.4804962],[9.4497019,46.4799802],[9.4490956,46.4843765],[9.4610359,46.4848442],[9.4610655,46.5054872],[9.4635588,46.5088716],[9.4341905,46.497908],[9.4246915,46.4887463],[9.4241151,46.4761266],[9.4116585,46.4669247],[9.3897829,46.4730884],[9.3852304,46.4823852],[9.3763638,46.4846613],[9.3684878,46.4940939],[9.3733583,46.5039425],[9.363695,46.5093089],[9.3550295,46.5042675],[9.3111195,46.5041293],[9.2822473,46.4964682],[9.2742137,46.4836909],[9.2773956,46.4792029],[9.2734421,46.4660111],[9.2781847,46.4616998],[9.2662757,46.4513757],[9.247002,46.4467941],[9.2481872,46.4332321],[9.263631,46.4205009],[9.2753678,46.4195176],[9.2802527,46.4141623],[9.2825355,46.4049581],[9.2788824,46.4033901],[9.2820265,46.4015773],[9.275835,46.3948932],[9.2843719,46.3850847],[9.2751256,46.373737],[9.2760719,46.3677678],[9.2825838,46.3580451],[9.2962933,46.3555842],[9.2960876,46.349106],[9.299867,46.3436022],[9.2921163,46.3361995],[9.2993603,46.3275403],[9.29509,46.317753],[9.2850594,46.3144312],[9.2815698,46.3093563],[9.2848827,46.297047],[9.2718262,46.289269],[9.2683094,46.2821717],[9.2588243,46.278484],[9.256983,46.2693731],[9.2504714,46.2665102],[9.2531032,46.2619797],[9.248999,46.2558786],[9.2513817,46.2510132],[9.2482002,46.2473328],[9.248424,46.2337684],[9.2209646,46.2291036],[9.2229305,46.2239603],[9.2188966,46.2144312],[9.2022006,46.2084086],[9.1948373,46.1936226],[9.1979871,46.1869833],[9.1946469,46.1792001],[9.1834124,46.1701951],[9.1612215,46.170723],[9.1564952,46.1621168],[9.1344847,46.1533104],[9.1214985,46.1348062],[9.1122089,46.1347053],[9.0997767,46.1267088],[9.072505,46.1181016],[9.0896151,46.0870156],[9.0790722,46.0759159],[9.0783019,46.065317],[9.0604151,46.0606593],[9.0502301,46.0623638],[9.0226712,46.0526938],[9.0172054,46.0497349],[9.0168875,46.0430976],[9.0095249,46.0372876],[9.0075936,46.0297988],[9.0225429,46.0168561],[9.0245102,46.0007625],[9.0284607,45.9936259],[9.0228918,45.9927561],[9.0180799,45.9876531],[9.0113594,45.9879046],[9.0111529,45.983175],[9.0073475,45.9803002],[8.9952919,45.9804895],[8.9958224,45.9728346],[8.9884735,45.9728336],[8.9889923,45.9703426],[9.0139638,45.9605478],[9.0171246,45.9490095],[9.0121988,45.9437844],[9.0224674,45.9371463],[9.0193572,45.9283683],[9.0427141,45.9275018],[9.0490812,45.9204196],[9.0598997,45.920939],[9.0590622,45.9164839],[9.0681926,45.9129099],[9.0678084,45.9106341],[9.0765758,45.9114166],[9.0769314,45.8992992],[9.0890001,45.9006535],[9.0888033,45.8968968],[9.0779543,45.8920281],[9.077841,45.8850669],[9.0663865,45.87539],[9.0547875,45.8735517],[9.0491586,45.862611],[9.0518292,45.8544335],[9.0357691,45.8411404],[9.0378586,45.8354665],[9.0309315,45.8246897],[9.0344617,45.8230171],[9.0315704,45.8208909],[9.0223684,45.8219205],[9.0164913,45.8179694],[8.9938727,45.8219619],[8.9974877,45.8349446],[8.989889,45.8353228],[8.9866691,45.8385199],[8.9699837,45.8323538],[8.9614604,45.8363724],[8.9620172,45.8390303],[8.9562417,45.8433836],[8.9390901,45.8412734],[8.9290343,45.8333755],[8.9204759,45.8341966],[8.9121469,45.830445],[8.914226,45.8422289],[8.9325366,45.8609621],[8.9453015,45.8669788],[8.9420596,45.8703431],[8.9370267,45.867306],[8.9337745,45.8703334],[8.9315529,45.8858142],[8.9215354,45.8957699],[8.9241263,45.905638],[8.9142865,45.9178005],[8.9074451,45.9177895],[8.8933121,45.9311849],[8.8986014,45.9462586],[8.8936571,45.958982],[8.8782158,45.9566423],[8.8682985,45.9606214],[8.8313229,45.988016],[8.7957734,45.9920676],[8.7858834,45.9890766],[8.7930889,46.0081018],[8.8059142,46.0219291],[8.8196771,46.0254878],[8.8271485,46.0322733],[8.830031,46.0416046],[8.8354657,46.0437923],[8.8284868,46.0465333],[8.8345328,46.0513646],[8.8441845,46.0485053],[8.8545888,46.0615846],[8.8521097,46.0756365],[8.8337681,46.0828508],[8.8060394,46.1012763],[8.7997806,46.0946992],[8.783034,46.0941725],[8.7600184,46.1015686],[8.7423432,46.1223113],[8.7264658,46.1119064],[8.7078501,46.0908138],[8.7053396,46.0831933],[8.7155593,46.0622668],[8.7206431,46.0410478],[8.7284744,46.0302214],[8.7264298,46.0179672],[8.6905642,45.992756],[8.6875797,45.9873034],[8.593841,45.9218319],[8.5706383,45.9000335],[8.5705136,45.889507],[8.5923115,45.8524464],[8.5952008,45.833614],[8.5920326,45.8244424],[8.5816471,45.8136582],[8.5582768,45.8035638],[8.5537841,45.7957609],[8.5525526,45.7839382],[8.5563214,45.7741062],[8.5829106,45.7486715],[8.5945506,45.7297714],[8.6281762,45.7222172],[8.6428681,45.7231552],[8.6534342,45.7139709],[8.6543579,45.7078825],[8.640879,45.6863044],[8.6407993,45.6768083],[8.6574333,45.6744517],[8.6812011,45.6764016],[8.6814882,45.6703308],[8.6714066,45.6654378],[8.6698345,45.6614235],[8.6846651,45.646884],[8.6881849,45.6369928],[8.6786452,45.633627],[8.6656575,45.6428786],[8.660364,45.6418639],[8.658939,45.6377463],[8.6659374,45.6303233],[8.6630877,45.6220341],[8.682133,45.6203425],[8.6938638,45.6096455],[8.6887803,45.6082276],[8.691855,45.6041045],[8.6992668,45.601712],[8.699829,45.6044948],[8.703148,45.600057],[8.7044406,45.5883142],[8.6933449,45.5777808],[8.7055279,45.569154],[8.7077546,45.5475168],[8.7192217,45.5317128],[8.7125614,45.5243334],[8.7143868,45.5178752],[8.7278924,45.5023994],[8.7407136,45.4978117],[8.7603515,45.4968464],[8.7734935,45.4847038],[8.7874867,45.4862324],[8.7914413,45.46877],[8.7883745,45.4625086],[8.7986199,45.4574235],[8.8100697,45.4459788],[8.8119828,45.4389669],[8.8081023,45.4333347],[8.8258325,45.4339482],[8.8202385,45.4281247],[8.8243903,45.4249268],[8.8236794,45.4124371],[8.8373452,45.4064533],[8.8428962,45.393838],[8.8295181,45.3902709],[8.8222028,45.3928521],[8.8112284,45.3891079],[8.8118993,45.3832672],[8.8015417,45.3791811],[8.7894564,45.3799066],[8.7654315,45.3889398],[8.7642671,45.3834489],[8.7610505,45.3829292],[8.7640245,45.3773006],[8.760886,45.3764839],[8.7581273,45.3794935],[8.7577968,45.3761263],[8.7482897,45.3743775],[8.7192919,45.3783785],[8.7204421,45.3704602],[8.7305924,45.3682343],[8.7455115,45.3543895],[8.760662,45.3556965],[8.7575691,45.3539512],[8.7625376,45.3486194],[8.7478059,45.3390104],[8.743747,45.3403021],[8.7421219,45.3320592],[8.7243138,45.3358101],[8.7265398,45.3328901],[8.7237208,45.3191472],[8.7191124,45.3173987],[8.7161212,45.3028811],[8.707574,45.2984759],[8.7042635,45.302536],[8.7034769,45.296602],[8.6902131,45.2923452],[8.6652765,45.2916717],[8.6641087,45.3017498],[8.6589769,45.3026618],[8.6631953,45.3096684],[8.6558109,45.3182451],[8.6580619,45.3192756],[8.654836,45.3232625],[8.656117,45.3266598],[8.6455075,45.3299039],[8.6380275,45.3375946],[8.6320579,45.3370534],[8.6306334,45.3461086],[8.6347267,45.3487592],[8.6290978,45.348651],[8.6218682,45.3569806],[8.6179981,45.3553114],[8.6186943,45.3524063],[8.6117783,45.3544262],[8.6096629,45.3513587],[8.6002839,45.3507862],[8.5999659,45.3470045],[8.5923105,45.3482646],[8.5939797,45.3504849],[8.5909549,45.3521573],[8.5788124,45.3472345],[8.5572048,45.3533007],[8.553757,45.3615234],[8.5510708,45.3524576],[8.540922,45.350815],[8.5397985,45.3461118],[8.5266497,45.3431597],[8.5270729,45.3366852],[8.5333407,45.3351244],[8.5376738,45.3167094],[8.5311596,45.3193202],[8.5216126,45.3122776],[8.5135427,45.3132784],[8.4978518,45.2917672]],[[9.2900862,44.7000413],[9.2922755,44.7058602],[9.30242,44.7031331],[9.2900862,44.7000413]],[[9.2973091,44.6926183],[9.3043611,44.6968893],[9.3054526,44.6962382],[9.3028578,44.6923966],[9.2973091,44.6926183]]],[[[8.7033475,45.0146802],[8.7061228,45.012905],[8.7056844,45.0245432],[8.7047219,45.0240794],[8.7033475,45.0146802]]],[[[8.810012,45.0190745],[8.8142701,45.0173944],[8.8166923,45.0219443],[8.8163961,45.0222925],[8.810012,45.0190745]]],[[[8.9585437,45.9648164],[8.9756323,45.9616322],[8.9793606,45.9710383],[8.9763287,45.9758599],[8.9774204,45.982877],[8.9670775,45.9841493],[8.9585437,45.9648164]]]]}},{"type":"Feature","properties":{"name":"Milano","boundary":"administrative","admin_level":"8","type":"boundary","osm_id":44915,"wikidata":"Q490"},"geometry":{"type":"Polygon","coordinates":[[[9.0408867,45.447447],[9.0409313,45.4472714],[9.0412953,45.4466862],[9.0415541,45.4464971],[9.0416916,45.4464566],[9.0432979,45.4463254],[9.0457096,45.4459599],[9.0470009,45.4456534],[9.0483993,45.4454187],[9.0541385,45.444714],[9.0548957,45.4427109],[9.0549386,45.4424273],[9.0543131,45.4402314],[9.0542328,45.4397994],[9.0551238,45.4400468],[9.0552286,45.4399747],[9.0552439,45.4398739],[9.0552822,45.4397749],[9.0555068,45.4394219],[9.0555706,45.4392653],[9.0557338,45.4389196],[9.0562419,45.4380786],[9.057669,45.4383888],[9.0579092,45.4381336],[9.0587805,45.4374347],[9.0590129,45.4372042],[9.0607928,45.435025],[9.0611082,45.4348704],[9.0610437,45.4343924],[9.063184,45.4354251],[9.0639477,45.4346236],[9.0635252,45.4341216],[9.0635634,45.4339326],[9.0641023,45.4333795],[9.0643884,45.4332084],[9.064693,45.4334711],[9.0655458,45.4345993],[9.0657098,45.4349106],[9.0660169,45.4352417],[9.0663474,45.4357402],[9.06925,45.4336591],[9.0705394,45.4345279],[9.0709458,45.4344791],[9.0722179,45.4341173],[9.0726839,45.4339847],[9.0728346,45.433855],[9.0733211,45.4343731],[9.0737842,45.4346447],[9.0741237,45.4347575],[9.0746899,45.4350636],[9.075435,45.4356482],[9.0760898,45.4359861],[9.0765534,45.4365313],[9.0768059,45.4367019],[9.0768785,45.4368335],[9.0769555,45.4370621],[9.0771783,45.4372348],[9.0773523,45.4373157],[9.0778486,45.4375115],[9.0779817,45.4376159],[9.0782171,45.4377399],[9.0784019,45.4377801],[9.0786642,45.4379574],[9.078881,45.4380253],[9.0792577,45.4383584],[9.0793509,45.4384214],[9.0789167,45.438834],[9.0769783,45.4406805],[9.0754439,45.4425196],[9.0781974,45.4438408],[9.0782945,45.4438515],[9.0784124,45.4440063],[9.0784869,45.4442367],[9.07817,45.4443539],[9.077876,45.4444334],[9.0777048,45.4445181],[9.0777407,45.4446369],[9.0778736,45.4446368],[9.0783931,45.4448146],[9.0784599,45.4450162],[9.0777796,45.4450527],[9.0777005,45.4451986],[9.0779308,45.4452974],[9.0780079,45.4454936],[9.0779262,45.4456215],[9.0778011,45.4457979],[9.0776732,45.4458016],[9.0775711,45.4459349],[9.077671,45.4460213],[9.077661,45.4462571],[9.0777177,45.4465018],[9.0774314,45.4466605],[9.0770991,45.4468065],[9.0768589,45.4468949],[9.0767747,45.4470353],[9.076803,45.4471506],[9.0766242,45.4473631],[9.0765912,45.4475521],[9.0766503,45.4477214],[9.0763999,45.4479249],[9.0763645,45.4482346],[9.0764567,45.4482904],[9.0774452,45.4492906],[9.077893,45.4493695],[9.0767291,45.4511939],[9.0766628,45.4512966],[9.0774208,45.4519693],[9.0775735,45.4519347],[9.0776461,45.4521348],[9.0778637,45.4523597],[9.0782063,45.4522532],[9.0783497,45.4522873],[9.0785821,45.4520477],[9.0786714,45.4518947],[9.0789292,45.4515182],[9.0791974,45.4512264],[9.0795986,45.4509795],[9.080405,45.4515856],[9.0814407,45.4510064],[9.0816804,45.4508737],[9.0824866,45.4512223],[9.0825454,45.4511916],[9.0827568,45.4513828],[9.0831224,45.4513939],[9.0833694,45.4514161],[9.0836956,45.4515782],[9.085155,45.4522652],[9.0859305,45.4526303],[9.0864296,45.4528827],[9.0867805,45.4530076],[9.0878175,45.4533588],[9.0884926,45.4532268],[9.089078,45.4530536],[9.0891932,45.4531183],[9.0893568,45.4531146],[9.089454,45.4530533],[9.0895352,45.4530749],[9.0899898,45.453033],[9.0904033,45.4529558],[9.090385,45.4528823],[9.0929773,45.452332],[9.0931203,45.4523945],[9.0934602,45.451979],[9.0943546,45.4511176],[9.0949362,45.4505124],[9.0949129,45.4503684],[9.0951708,45.4501413],[9.0952267,45.4498839],[9.0953107,45.4496948],[9.0956424,45.4492175],[9.0956295,45.4491274],[9.0954424,45.4490037],[9.0957088,45.4488316],[9.0958795,45.4487186],[9.0961146,45.4486266],[9.0969131,45.4489373],[9.0978575,45.4478528],[9.0980521,45.4476964],[9.0982258,45.4475567],[9.0983362,45.447468],[9.0989762,45.4469535],[9.1004197,45.4469607],[9.10103,45.446996],[9.1010391,45.44706],[9.0998962,45.4485851],[9.0999637,45.4486089],[9.1000845,45.4485772],[9.1006623,45.4485282],[9.1008398,45.4484672],[9.1013169,45.4480101],[9.1015127,45.44768],[9.1020425,45.4473698],[9.1022547,45.447299],[9.1026405,45.4473355],[9.1030463,45.4473616],[9.1029371,45.4475479],[9.1036268,45.4478255],[9.1044308,45.4480793],[9.1045252,45.4479441],[9.1054438,45.4482044],[9.1049825,45.4486795],[9.1054731,45.44882],[9.1064787,45.4490998],[9.1069151,45.4499672],[9.1067084,45.4503896],[9.1072307,45.4504907],[9.1074908,45.45053],[9.1078932,45.4504955],[9.1080032,45.4505098],[9.1082003,45.4505708],[9.1085203,45.4507452],[9.1089438,45.4508717],[9.1092681,45.4509686],[9.1094714,45.4510293],[9.1095659,45.4509776],[9.1097352,45.4506007],[9.1104462,45.4506043],[9.1105036,45.4504288],[9.1105975,45.450142],[9.1112857,45.448039],[9.1114644,45.4480649],[9.1119121,45.4470348],[9.1121974,45.4463989],[9.1122825,45.4461824],[9.11271,45.4463004],[9.112814,45.4460475],[9.1130596,45.4460666],[9.1130912,45.4459674],[9.1121501,45.445869],[9.1135056,45.4433553],[9.1151303,45.4437698],[9.1155461,45.4431612],[9.1167436,45.4410357],[9.116854,45.4409358],[9.1169607,45.4408393],[9.1174765,45.4404949],[9.117584,45.4403499],[9.1176415,45.4402723],[9.1188662,45.4391398],[9.1198294,45.4382015],[9.120287,45.4375013],[9.1207357,45.4375122],[9.1207807,45.437437],[9.1207984,45.4374073],[9.1208059,45.4373948],[9.1208356,45.4373452],[9.1212269,45.4367493],[9.1214466,45.4364083],[9.1221277,45.4351775],[9.1219525,45.4350373],[9.1216848,45.4349493],[9.1215311,45.4348727],[9.1213043,45.434762],[9.1212523,45.4346383],[9.1212916,45.4346114],[9.121367,45.4345671],[9.1213749,45.4345805],[9.1214888,45.4345375],[9.121502,45.4345264],[9.1243495,45.4321335],[9.1246659,45.4317541],[9.1265234,45.4302565],[9.1266973,45.4300114],[9.1266832,45.4297453],[9.1267167,45.4286768],[9.1267269,45.4283516],[9.1268028,45.4280293],[9.1276304,45.4265109],[9.1279494,45.4262908],[9.128388,45.4257827],[9.1313705,45.4241681],[9.1314239,45.4241392],[9.1316297,45.4239582],[9.1318809,45.4238005],[9.1320122,45.4236965],[9.1320362,45.4236021],[9.1320679,45.4232494],[9.1322398,45.4213374],[9.1319054,45.4211881],[9.1318592,45.4211161],[9.1319644,45.4207825],[9.131393,45.420717],[9.1310886,45.4208001],[9.1310857,45.4208568],[9.1310629,45.4212998],[9.1310321,45.4214508],[9.1309148,45.4215484],[9.1307892,45.421589],[9.1306757,45.4216214],[9.1306436,45.4216306],[9.1306716,45.4215002],[9.1308112,45.42085],[9.1308637,45.4206055],[9.1304729,45.4205419],[9.1305721,45.4198542],[9.1305932,45.4197075],[9.1306641,45.4194757],[9.1303489,45.4180089],[9.1304746,45.4173585],[9.1302656,45.4172915],[9.1304753,45.4170451],[9.1309269,45.4165895],[9.1311791,45.416293],[9.1313161,45.4161847],[9.1315104,45.4159614],[9.1316984,45.4158603],[9.1319247,45.4157386],[9.1323745,45.4152918],[9.1325423,45.4150974],[9.132938,45.4145363],[9.1331195,45.4144951],[9.1331882,45.4144269],[9.1333121,45.4142708],[9.1330422,45.4138557],[9.1341473,45.4143467],[9.1360723,45.4148014],[9.13694,45.4153009],[9.13728,45.4153833],[9.1376278,45.4154206],[9.1378681,45.4154186],[9.1361272,45.4175053],[9.1385404,45.4178926],[9.1386103,45.4179038],[9.1391674,45.4178635],[9.1393373,45.4172728],[9.1393599,45.416636],[9.1393636,45.4165312],[9.1395465,45.4166536],[9.1399165,45.4169837],[9.1400629,45.4171352],[9.1401497,45.4171351],[9.1413009,45.4174522],[9.1414255,45.4172181],[9.1426023,45.4175785],[9.1428452,45.4176322],[9.1448426,45.4183611],[9.1461532,45.4167765],[9.1470333,45.4161165],[9.147255,45.4158317],[9.1472923,45.4154446],[9.1475902,45.4149835],[9.1479256,45.4142359],[9.1480581,45.4140197],[9.148115,45.413888],[9.1489684,45.4141931],[9.1492641,45.4142008],[9.1495281,45.4141816],[9.1498338,45.4142153],[9.1501778,45.4143445],[9.1506657,45.4147006],[9.1495813,45.4152203],[9.1514917,45.41612],[9.1519783,45.4163338],[9.1526563,45.4152095],[9.1532187,45.4153421],[9.1541021,45.415646],[9.1545332,45.4161371],[9.1546705,45.4157623],[9.1550515,45.4147225],[9.1552539,45.4144874],[9.1555309,45.4136821],[9.1555752,45.4131024],[9.1555006,45.4125862],[9.1558318,45.412508],[9.1571504,45.4123964],[9.1573752,45.4123637],[9.1573626,45.412243],[9.1574074,45.4121217],[9.1584275,45.4093595],[9.1584832,45.4082756],[9.1588243,45.4081803],[9.1589088,45.4081567],[9.1591498,45.4080893],[9.1568609,45.4040437],[9.1570676,45.4038744],[9.1572207,45.4037347],[9.1579603,45.4030595],[9.1580046,45.4030048],[9.1580235,45.4029701],[9.1578239,45.4028301],[9.1577287,45.4027813],[9.1573015,45.4025522],[9.1561305,45.4018058],[9.1560637,45.4016897],[9.1563771,45.4014968],[9.1565393,45.4014034],[9.1568843,45.401211],[9.1569413,45.4011605],[9.1570241,45.4011816],[9.1578092,45.4013819],[9.1583699,45.401525],[9.1586004,45.4016884],[9.1582459,45.4023557],[9.1581204,45.4025877],[9.1582796,45.4026189],[9.1586105,45.4026837],[9.1598027,45.4029171],[9.1600087,45.4029508],[9.1606623,45.4030576],[9.1623357,45.4032152],[9.1629776,45.403398],[9.1640526,45.4030975],[9.1641346,45.4031658],[9.1641835,45.4032864],[9.1640533,45.4033424],[9.1640511,45.403436],[9.1642478,45.4034447],[9.1643553,45.4035526],[9.1645264,45.4034371],[9.1649985,45.4032204],[9.1651568,45.403159],[9.1653125,45.4031083],[9.1654274,45.4030776],[9.1656573,45.4030628],[9.1656673,45.402971],[9.1659824,45.4023585],[9.1663422,45.4021959],[9.1653147,45.40061],[9.1654806,45.4005437],[9.1657189,45.4004817],[9.1668024,45.4001544],[9.1666322,45.4006112],[9.1665815,45.4010328],[9.1667361,45.4010712],[9.1669508,45.4011177],[9.1673061,45.4012231],[9.1674281,45.4012709],[9.1676758,45.4013774],[9.1677869,45.4015261],[9.1682715,45.4022238],[9.1698646,45.4027011],[9.1700238,45.4027548],[9.170646,45.4028934],[9.1707841,45.4027277],[9.1705671,45.4007975],[9.172405,45.4007873],[9.1731539,45.4007845],[9.1733957,45.4007848],[9.1736234,45.4007704],[9.1736092,45.4006612],[9.1735085,45.3998853],[9.1734838,45.399695],[9.1734647,45.3995352],[9.1734075,45.3990553],[9.1733969,45.3989667],[9.173354,45.3986067],[9.1733238,45.3983534],[9.1733108,45.3982356],[9.173261,45.3977861],[9.1729856,45.3954282],[9.1729744,45.3953166],[9.1729075,45.3946474],[9.1729032,45.3946047],[9.1728984,45.3945564],[9.1730325,45.3945474],[9.1730321,45.3945225],[9.1730474,45.3945099],[9.1731087,45.3945008],[9.1731677,45.3944998],[9.1732467,45.3945006],[9.1734036,45.3944631],[9.1736028,45.3944172],[9.1739566,45.3943662],[9.1743038,45.3942667],[9.1744877,45.3942358],[9.1745668,45.3942141],[9.1747431,45.3942066],[9.174812,45.3941849],[9.1749192,45.3941325],[9.1756776,45.3939982],[9.1757875,45.3939908],[9.1765714,45.3938221],[9.1768393,45.3937317],[9.1769926,45.3937063],[9.1771406,45.3936611],[9.1773219,45.3936302],[9.1775008,45.3936317],[9.1775698,45.3936424],[9.178729,45.3933742],[9.179107,45.393334],[9.1792424,45.3933356],[9.1793656,45.3933184],[9.1797374,45.3931151],[9.1798063,45.3930898],[9.1802173,45.3929596],[9.1804647,45.3928296],[9.1810649,45.3925607],[9.1824395,45.3919389],[9.1825439,45.3918398],[9.1823899,45.3916023],[9.1822277,45.3912318],[9.1820831,45.3907622],[9.1824835,45.3905563],[9.1828412,45.3905323],[9.1837324,45.3904121],[9.184039,45.3903846],[9.1841896,45.3903501],[9.184455,45.3902435],[9.1847017,45.3901712],[9.1856087,45.389896],[9.185647,45.3899085],[9.1858493,45.390063],[9.1860591,45.3901508],[9.1861053,45.3901886],[9.1860491,45.3902229],[9.1859957,45.3902752],[9.186035,45.390459],[9.1861355,45.390833],[9.1861714,45.3908906],[9.186213,45.3911137],[9.1862933,45.3914233],[9.1863855,45.3914987],[9.1864468,45.3914986],[9.1865231,45.3913779],[9.1865842,45.3913256],[9.1868036,45.3912262],[9.1868185,45.3910965],[9.1868719,45.3910064],[9.1869509,45.3909559],[9.1869766,45.3909567],[9.1869842,45.3909811],[9.1869667,45.3910945],[9.1869873,45.3911538],[9.1870232,45.3911772],[9.1870845,45.3911771],[9.1872019,45.3911445],[9.1872658,45.3911372],[9.187317,45.3911695],[9.1874807,45.3912305],[9.1877466,45.3913039],[9.1878823,45.3913775],[9.1879669,45.3914709],[9.1880873,45.3915535],[9.1883559,45.3916521],[9.188653,45.3918677],[9.1894823,45.3923092],[9.1896206,45.3924115],[9.189695,45.3925032],[9.1899538,45.3927116],[9.1901224,45.3927005],[9.1901605,45.392641],[9.1901626,45.3925078],[9.1902137,45.3924987],[9.1902958,45.3926066],[9.1903048,45.3927763],[9.190391,45.3927634],[9.1903954,45.3926865],[9.1903951,45.3926002],[9.1904766,45.392552],[9.1905496,45.3926415],[9.190605,45.3926223],[9.1906175,45.3925711],[9.1906901,45.3925677],[9.190763,45.3926188],[9.1908249,45.3926759],[9.1908888,45.392674],[9.1910189,45.3926],[9.1911332,45.392409],[9.1911403,45.3922469],[9.190999,45.3920006],[9.1910012,45.391925],[9.191263,45.3915231],[9.1913027,45.3914039],[9.1913044,45.391183],[9.1912967,45.3908803],[9.1912454,45.39083],[9.1913499,45.3907453],[9.1906221,45.3901037],[9.1907976,45.389846],[9.1908852,45.3893292],[9.1909376,45.3889583],[9.1907788,45.3888217],[9.1907863,45.3887713],[9.1909845,45.3884577],[9.1917116,45.3888976],[9.191742,45.3888219],[9.1917212,45.3887284],[9.1916491,45.3885754],[9.1916334,45.388462],[9.1916561,45.388372],[9.1919335,45.3880493],[9.1920303,45.3879843],[9.1921044,45.3879626],[9.1923777,45.3879423],[9.1924312,45.3879242],[9.1924771,45.3878828],[9.1924148,45.3875913],[9.1924832,45.3874039],[9.1924496,45.3873193],[9.1923399,45.3873519],[9.1922563,45.3874252],[9.1922657,45.3873034],[9.1925054,45.3871734],[9.1925658,45.3869123],[9.1926593,45.3867381],[9.1936308,45.3868917],[9.1944363,45.387019],[9.1945796,45.3870871],[9.1955356,45.3872385],[9.1967531,45.3876649],[9.1968963,45.3876898],[9.1983336,45.3888449],[9.1984642,45.3889275],[9.1986364,45.3892062],[9.1987696,45.389305],[9.1988796,45.3893462],[9.2000247,45.3895188],[9.2001354,45.3897473],[9.2006771,45.3904628],[9.2008312,45.3906984],[9.2011645,45.3910308],[9.2014153,45.3912381],[9.2018026,45.3915877],[9.2018258,45.3916561],[9.2016653,45.3924755],[9.2011189,45.3933226],[9.2008722,45.3936237],[9.2000448,45.3944964],[9.1997539,45.3945959],[9.1996699,45.3947059],[9.1999446,45.3957837],[9.2001433,45.3963886],[9.2003171,45.3970757],[9.2004508,45.3972969],[9.2003391,45.3974987],[9.2004825,45.3975867],[9.20084,45.3975608],[9.2009729,45.3975732],[9.2011265,45.3976179],[9.2013488,45.3976104],[9.2015418,45.3974892],[9.2016625,45.3974531],[9.2017725,45.3974962],[9.2018789,45.3976261],[9.2033928,45.3975383],[9.2033253,45.3965465],[9.2034821,45.396089],[9.2037144,45.3960472],[9.2037959,45.3959768],[9.2038981,45.3959748],[9.2038394,45.3958072],[9.2037844,45.3956114],[9.2050918,45.3932273],[9.2052219,45.3931875],[9.2057769,45.3933198],[9.2058253,45.3933197],[9.2058815,45.3932908],[9.2059805,45.3931087],[9.2060416,45.3930726],[9.2061106,45.3930725],[9.2062539,45.393137],[9.2064328,45.3931277],[9.2065781,45.3930554],[9.2067646,45.3930425],[9.2069788,45.3929179],[9.2074452,45.3926056],[9.2091235,45.3929994],[9.2091058,45.3930986],[9.2088774,45.3939885],[9.2087969,45.3940145],[9.2088637,45.394108],[9.2088998,45.3942141],[9.2086348,45.395915],[9.209224,45.3968482],[9.2104185,45.397007],[9.2104356,45.3970089],[9.2105053,45.3967231],[9.2106049,45.3967379],[9.2106892,45.3967636],[9.2113437,45.3968469],[9.213428,45.3971366],[9.2149796,45.3973071],[9.2151621,45.3968006],[9.2188467,45.3974684],[9.2185083,45.3978561],[9.2183885,45.3979409],[9.2183433,45.3981282],[9.2178927,45.398581],[9.2176867,45.3988262],[9.2169458,45.399544],[9.2168341,45.3997279],[9.2167485,45.4000665],[9.2168158,45.400304],[9.2166491,45.4007741],[9.2164193,45.4015361],[9.2164823,45.4030213],[9.2164638,45.4031544],[9.2169313,45.4043205],[9.2168678,45.4045308],[9.2167604,45.4045292],[9.2167685,45.4046372],[9.2169172,45.4047449],[9.2171525,45.4048147],[9.2172746,45.4049204],[9.2174573,45.4049816],[9.2176111,45.4051091],[9.217834,45.405195],[9.2179951,45.4052919],[9.2181538,45.405352],[9.2183278,45.4054375],[9.218446,45.4055648],[9.2187759,45.4056253],[9.2188349,45.4056864],[9.2187248,45.4058681],[9.2186316,45.4060001],[9.2184186,45.4064038],[9.2181338,45.4068075],[9.2179935,45.4071815],[9.2181638,45.4072827],[9.2197283,45.408052],[9.2201633,45.4081952],[9.220454,45.4083221],[9.2230439,45.4095776],[9.2232591,45.4094751],[9.224095,45.4090751],[9.2250023,45.4084486],[9.225114,45.4083553],[9.225359,45.4081509],[9.2254514,45.4080604],[9.2258431,45.4076767],[9.2260846,45.4074402],[9.2262096,45.4073949],[9.2264087,45.4073459],[9.2265848,45.4072555],[9.2265962,45.4072612],[9.2277217,45.4078239],[9.2278829,45.4078578],[9.2295366,45.4079139],[9.2296577,45.4079424],[9.231152,45.4079539],[9.2312662,45.4079432],[9.231456,45.4078265],[9.2337686,45.4090791],[9.2338913,45.4090699],[9.2339911,45.4091075],[9.2341777,45.4091071],[9.2344368,45.4091887],[9.2347352,45.4091906],[9.234986,45.4092674],[9.2351879,45.4092652],[9.2358429,45.4094367],[9.2362167,45.4096142],[9.2361803,45.4094612],[9.2365429,45.409392],[9.2366969,45.4095196],[9.2370167,45.4096269],[9.2375331,45.4097531],[9.2376432,45.4097102],[9.237799,45.4096685],[9.2382644,45.4094506],[9.2386102,45.4092887],[9.2387528,45.4091678],[9.238979,45.4088793],[9.2392239,45.408751],[9.2393741,45.4086157],[9.2398919,45.4083895],[9.2401449,45.40838],[9.2402371,45.4083636],[9.2404233,45.4083398],[9.2406663,45.4085892],[9.2408812,45.4087021],[9.2414838,45.4089028],[9.2424561,45.4091564],[9.2424694,45.4091629],[9.2426866,45.4092694],[9.2430021,45.4095496],[9.243069,45.4096268],[9.2434949,45.4100129],[9.2434977,45.4100886],[9.2430289,45.410428],[9.242922,45.4105218],[9.2425631,45.4108736],[9.2439419,45.4129265],[9.2465301,45.4121307],[9.2467357,45.4123931],[9.2504908,45.4144677],[9.2506462,45.4145536],[9.2505184,45.4146157],[9.2501241,45.4148322],[9.2499847,45.4148868],[9.2492283,45.4151335],[9.2482627,45.4155176],[9.2479918,45.4156625],[9.2476592,45.4159374],[9.2473963,45.4161219],[9.246935,45.4164062],[9.2468009,45.4165136],[9.2464924,45.4166905],[9.2460257,45.4169014],[9.2457141,45.4170715],[9.2448241,45.4175698],[9.2444245,45.417775],[9.2441723,45.41792],[9.244012,45.4180196],[9.243945,45.4180769],[9.2438268,45.4181499],[9.2436649,45.4182222],[9.2433863,45.4182914],[9.2424767,45.4186397],[9.2407486,45.4193673],[9.2403145,45.4195448],[9.2417633,45.4206719],[9.2425242,45.4212011],[9.2427255,45.4213451],[9.2429201,45.4214328],[9.2430471,45.4215003],[9.2431664,45.4215694],[9.2436746,45.4218525],[9.2440246,45.4220588],[9.2446614,45.4223968],[9.2448217,45.4224818],[9.2453595,45.4227671],[9.2453829,45.4228643],[9.2454957,45.4229216],[9.2456006,45.4229412],[9.2459277,45.4229852],[9.2460756,45.4230222],[9.2461647,45.4230389],[9.2463912,45.4231222],[9.246454,45.4231453],[9.2465885,45.4231948],[9.2467676,45.4232304],[9.2468342,45.4232734],[9.2468268,45.42334],[9.2469139,45.4233668],[9.2470339,45.4233504],[9.2471108,45.4233736],[9.2472389,45.4234525],[9.2474599,45.4234746],[9.248473,45.4234404],[9.2506403,45.4224407],[9.2519598,45.4228761],[9.2533615,45.4232878],[9.2541964,45.4234712],[9.2538894,45.4237024],[9.2534386,45.4241096],[9.2523997,45.4250666],[9.2518167,45.4255668],[9.2525085,45.425928],[9.2527967,45.4260408],[9.2530107,45.4261798],[9.253454,45.4264111],[9.2536357,45.4265103],[9.2536661,45.426557],[9.2539008,45.426862],[9.254001,45.4269662],[9.2548528,45.4274269],[9.2557131,45.4278895],[9.2561848,45.4281854],[9.2567021,45.4284673],[9.2569251,45.4285782],[9.2575031,45.4288757],[9.2575531,45.4288466],[9.258108,45.429182],[9.2585503,45.4294493],[9.2587248,45.4295983],[9.2590231,45.4299667],[9.2592132,45.4301427],[9.2594925,45.4303004],[9.2602749,45.4304483],[9.2607937,45.4308033],[9.2613634,45.4310369],[9.261691,45.4313233],[9.261981,45.4313984],[9.262121,45.4314429],[9.2636541,45.4323342],[9.2637976,45.4325097],[9.26386,45.4325859],[9.2639421,45.4326862],[9.2645233,45.433353],[9.2646092,45.4334465],[9.2649092,45.4338095],[9.265013,45.4339393],[9.2650941,45.4340396],[9.265332,45.4343269],[9.2655824,45.4345922],[9.2655858,45.4345958],[9.2657158,45.4347176],[9.2657938,45.4347528],[9.2659499,45.4348235],[9.266397,45.4350442],[9.2663021,45.4353733],[9.2661197,45.4367389],[9.2661141,45.4368201],[9.2661124,45.4369672],[9.2660999,45.4370967],[9.2660955,45.4372305],[9.2660914,45.4373696],[9.266208,45.4371512],[9.2670063,45.4376156],[9.2668202,45.4389474],[9.2671127,45.4392922],[9.2671094,45.4395449],[9.2669383,45.4398748],[9.266769,45.4400556],[9.2666082,45.4402274],[9.2663436,45.4409542],[9.2662993,45.4415825],[9.2662872,45.4417538],[9.2662712,45.4419812],[9.2663866,45.4423617],[9.2664246,45.442691],[9.2664393,45.4429245],[9.2664406,45.4431997],[9.2664829,45.4435066],[9.2665575,45.4438871],[9.2665985,45.4443391],[9.2666295,45.4446803],[9.2667224,45.445096],[9.2667211,45.4453344],[9.2667844,45.4455417],[9.2668289,45.4457528],[9.2668271,45.4458873],[9.266827,45.4458914],[9.2667791,45.4460319],[9.266548,45.4463781],[9.266509,45.4464647],[9.2664844,45.4466076],[9.2665072,45.4474871],[9.2665742,45.4476094],[9.266981,45.4481845],[9.2673067,45.4489165],[9.2674456,45.4496092],[9.2674358,45.4496974],[9.2674005,45.4498037],[9.2671237,45.4502094],[9.2669963,45.4503321],[9.2668026,45.4504604],[9.2661363,45.4508127],[9.266312,45.4511078],[9.2661615,45.4512036],[9.2661268,45.4512192],[9.2658022,45.4513552],[9.265484,45.4513528],[9.2651925,45.4512255],[9.2651252,45.451408],[9.2648994,45.4517092],[9.2648445,45.4518061],[9.2647908,45.451892],[9.2647532,45.4519521],[9.2647735,45.4520102],[9.2648281,45.4520293],[9.2648779,45.451994],[9.2649006,45.4519683],[9.2649685,45.4519234],[9.2652648,45.4520954],[9.2652243,45.4521723],[9.2651302,45.4521745],[9.2650616,45.4522808],[9.2650568,45.4523403],[9.2650891,45.4524189],[9.2651441,45.4525084],[9.2646599,45.4529893],[9.2646331,45.4531013],[9.2637117,45.4552852],[9.2637211,45.4553556],[9.2637991,45.4555025],[9.2639811,45.4555404],[9.2640503,45.455745],[9.2641231,45.4557864],[9.2646414,45.4557885],[9.2645128,45.4574266],[9.2662328,45.4577585],[9.2662194,45.4577969],[9.2681254,45.4580452],[9.2683256,45.4580576],[9.2694945,45.4581668],[9.2695593,45.4584257],[9.2694048,45.4584325],[9.2693793,45.4588004],[9.2700478,45.4588404],[9.2704142,45.4593898],[9.2703659,45.4597482],[9.2703527,45.459841],[9.2702628,45.4600587],[9.2702364,45.4602411],[9.2702236,45.4604011],[9.2701925,45.4605579],[9.2712704,45.4606481],[9.2718255,45.4607267],[9.2729072,45.4606506],[9.2723359,45.461906],[9.2722636,45.4619989],[9.2721828,45.4622167],[9.2720215,45.4626936],[9.2720191,45.4631287],[9.2719831,45.4632088],[9.2718245,45.4633403],[9.2715336,45.463341],[9.2716441,45.4653943],[9.2715675,45.465625],[9.2714642,45.4658812],[9.2713889,45.4661679],[9.2713508,45.4665231],[9.2713601,45.4669306],[9.272047,45.4669929],[9.2719982,45.4672393],[9.2715797,45.467202],[9.2715392,45.4680699],[9.2723481,45.4681289],[9.2727291,45.4680938],[9.2727753,45.4681261],[9.2726081,45.4695217],[9.2725992,45.4706898],[9.2725951,45.470778],[9.2725846,45.4725723],[9.272108,45.4724897],[9.2716747,45.4723692],[9.2714409,45.472301],[9.2712726,45.4722777],[9.271153,45.4722759],[9.2699394,45.4723238],[9.2698505,45.4723323],[9.2696037,45.4723561],[9.2683365,45.4725571],[9.2667534,45.4722457],[9.2663782,45.4719482],[9.2615177,45.4714338],[9.2601607,45.4713788],[9.2600587,45.4728327],[9.2604347,45.4735789],[9.2604627,45.4737454],[9.26041,45.4740542],[9.2604097,45.4740561],[9.2604082,45.474065],[9.2603553,45.4752536],[9.2603598,45.475996],[9.2602956,45.4765714],[9.2617639,45.4765443],[9.261396,45.4791421],[9.2618732,45.4792253],[9.2621902,45.4791096],[9.2646037,45.4793306],[9.2646856,45.4806745],[9.2647192,45.4812255],[9.2647661,45.4841081],[9.2593177,45.4841755],[9.2588868,45.484503],[9.2586657,45.4860809],[9.2584987,45.4875417],[9.2584697,45.488156],[9.2582716,45.4897599],[9.2603708,45.4902734],[9.2607389,45.4903634],[9.2611004,45.4904519],[9.2610909,45.490963],[9.2611132,45.491133],[9.261605,45.4948908],[9.2620341,45.4949573],[9.2619368,45.4953581],[9.2613439,45.497147],[9.2613134,45.4972453],[9.2613022,45.4973234],[9.2612647,45.4973948],[9.261243,45.4974439],[9.2610483,45.4979974],[9.2602828,45.4992278],[9.2601561,45.4998672],[9.2601337,45.5002092],[9.2602105,45.5005466],[9.2604971,45.5009465],[9.2609037,45.5017346],[9.2612982,45.5024992],[9.2613367,45.5025738],[9.2612936,45.5032805],[9.2613206,45.5035955],[9.2611659,45.5040459],[9.26102,45.5043252],[9.2610235,45.5044216],[9.2610255,45.5044782],[9.2614051,45.5045494],[9.2621814,45.5046218],[9.2622645,45.5046295],[9.2639023,45.5047822],[9.2674751,45.5052685],[9.2677723,45.505357],[9.2679599,45.5055746],[9.2680682,45.5056141],[9.2684902,45.5055949],[9.2702217,45.5055808],[9.2713915,45.5055485],[9.2716462,45.5055415],[9.2718833,45.5055349],[9.2719488,45.505525],[9.2720143,45.5055027],[9.2720621,45.5054704],[9.2720957,45.505432],[9.2720974,45.5053886],[9.2720689,45.5052623],[9.2717801,45.5040207],[9.2715081,45.502859],[9.2713437,45.5021334],[9.2712714,45.5019227],[9.271245,45.5018397],[9.2731643,45.5018307],[9.2738089,45.5018277],[9.2738909,45.5022745],[9.2754206,45.5022933],[9.2757017,45.5034808],[9.2775649,45.5033007],[9.2781103,45.5051987],[9.2765208,45.5054185],[9.2760157,45.5055233],[9.2757729,45.5056049],[9.2755606,45.5057269],[9.2750219,45.5061557],[9.2747877,45.5063319],[9.2727988,45.506503],[9.2725454,45.5065293],[9.2723483,45.5065555],[9.272088,45.5066326],[9.2718386,45.5068206],[9.2715299,45.5070129],[9.271461,45.5070301],[9.2714617,45.5083276],[9.2713944,45.5088103],[9.2713754,45.5091163],[9.2712553,45.5091706],[9.2700793,45.5089952],[9.2700022,45.5089504],[9.2697769,45.5089419],[9.2687648,45.5087643],[9.2687822,45.5103396],[9.2678586,45.5104406],[9.2671446,45.5104459],[9.2672626,45.5116337],[9.2672636,45.5123364],[9.2672637,45.5124203],[9.2679934,45.5123945],[9.2681879,45.5123876],[9.2685336,45.5148194],[9.2686024,45.5150041],[9.2686468,45.5152074],[9.2686616,45.5156251],[9.2686801,45.5157366],[9.2685734,45.516087],[9.2685616,45.5161258],[9.2685494,45.5162428],[9.2685652,45.5163597],[9.2685889,45.5164821],[9.2686812,45.5167719],[9.2684215,45.5168191],[9.2683824,45.5161123],[9.2685007,45.5156994],[9.2660886,45.5158324],[9.2648265,45.51594],[9.2648049,45.5159223],[9.2645119,45.515647],[9.264489,45.5156255],[9.2639889,45.5151571],[9.2621594,45.5154277],[9.2622428,45.5157444],[9.2619434,45.5158044],[9.2624494,45.5172309],[9.2615922,45.5173588],[9.2619228,45.5184751],[9.2610763,45.518633],[9.2610459,45.5189626],[9.2608184,45.5189631],[9.2608903,45.5197083],[9.2605084,45.5198307],[9.2602658,45.5195178],[9.2601245,45.5194766],[9.2601219,45.5194181],[9.2599464,45.519349],[9.2597956,45.5192182],[9.2596722,45.5191065],[9.2594543,45.5192158],[9.2592441,45.5190563],[9.2591495,45.5190695],[9.2591277,45.5194564],[9.2591875,45.5195874],[9.2592788,45.5196576],[9.2592294,45.5197825],[9.2592126,45.5201262],[9.2587437,45.5201228],[9.2583331,45.5192506],[9.2587569,45.5188356],[9.2586014,45.518773],[9.2583959,45.5186429],[9.258027,45.5184547],[9.2575361,45.5182218],[9.2572459,45.5180964],[9.2571895,45.5181277],[9.2566919,45.5184037],[9.2564748,45.5184952],[9.2562371,45.5185954],[9.255973,45.5187068],[9.2554,45.5188629],[9.2552233,45.518911],[9.2552957,45.5193339],[9.2552419,45.5198336],[9.2552973,45.5204051],[9.2545906,45.5203889],[9.253732,45.5203461],[9.2524907,45.5201515],[9.2515199,45.5200019],[9.2514205,45.5199906],[9.2506242,45.519859],[9.2498385,45.519735],[9.2497365,45.5199267],[9.2496313,45.520026],[9.2486925,45.51983],[9.2480368,45.5195884],[9.2463602,45.5190384],[9.2463214,45.5190222],[9.2450924,45.5185106],[9.2448867,45.518425],[9.2448507,45.5185061],[9.2446701,45.518913],[9.2446565,45.5189435],[9.244647,45.5189649],[9.2446267,45.5190107],[9.2440734,45.5189491],[9.2438381,45.5189802],[9.2434101,45.5189637],[9.2431773,45.518975],[9.2429252,45.5189922],[9.2421173,45.5190475],[9.2407754,45.5192708],[9.2406475,45.5192482],[9.2377017,45.5187282],[9.2379219,45.5178231],[9.2359628,45.5174176],[9.2357378,45.5175801],[9.234932,45.5174419],[9.2343635,45.5173444],[9.2330284,45.5209076],[9.2330222,45.5209276],[9.232999,45.5210026],[9.2329297,45.5212268],[9.2312439,45.5211447],[9.2309642,45.523184],[9.2292989,45.5230497],[9.2292544,45.5232252],[9.2280497,45.5230871],[9.2279029,45.523069],[9.2277633,45.5230527],[9.2260352,45.5228556],[9.2258705,45.5235583],[9.2258516,45.5235559],[9.2258506,45.5235599],[9.2257116,45.5235426],[9.2255543,45.5235229],[9.2255455,45.5235573],[9.225535,45.5235987],[9.2255275,45.5236281],[9.2255152,45.5236731],[9.2251598,45.5236273],[9.2251681,45.5235856],[9.2239755,45.5234289],[9.2239322,45.523597],[9.2235804,45.5235511],[9.2234849,45.5235379],[9.2234812,45.5235389],[9.2234787,45.5235395],[9.2235149,45.5235871],[9.2233398,45.5236544],[9.2232368,45.5235264],[9.2227238,45.5237249],[9.222329,45.5236601],[9.2219493,45.5235798],[9.2214774,45.5236393],[9.2208744,45.5237664],[9.2203282,45.5252932],[9.2196797,45.5252449],[9.219605,45.5257761],[9.2192083,45.5258714],[9.219443,45.5261185],[9.2174544,45.5268063],[9.2166313,45.5271364],[9.2164859,45.5276273],[9.2163903,45.5281585],[9.2164573,45.5285049],[9.2166829,45.5293146],[9.2144114,45.5293234],[9.213518,45.529289],[9.2137967,45.5301841],[9.2130521,45.5301225],[9.2125456,45.5299479],[9.2119803,45.529895],[9.2119884,45.5294989],[9.2113821,45.5283299],[9.2098786,45.5282336],[9.2098617,45.5284182],[9.20977,45.5284167],[9.2099884,45.5287108],[9.2073453,45.5286442],[9.2072229,45.5283742],[9.20694,45.5283695],[9.2070624,45.5294314],[9.2045565,45.5292424],[9.2043386,45.5292112],[9.2039847,45.5291579],[9.2013685,45.5285774],[9.2009745,45.5298743],[9.2000247,45.529723],[9.2002104,45.5287076],[9.2002618,45.5284264],[9.1992512,45.5282823],[9.1991391,45.5282663],[9.1992166,45.5280007],[9.1985722,45.5277498],[9.1987133,45.527376],[9.1970684,45.5271043],[9.196823,45.5278788],[9.1964402,45.5277985],[9.1957992,45.5294333],[9.1946411,45.5292328],[9.1949378,45.5284717],[9.1950095,45.5283635],[9.1950809,45.5281924],[9.1952424,45.5276745],[9.1927081,45.5272448],[9.1926713,45.5272386],[9.1926345,45.5272361],[9.192637,45.5273498],[9.1926746,45.5277399],[9.1926755,45.5278634],[9.1909615,45.5280059],[9.1903889,45.5276603],[9.1905119,45.5271155],[9.1893233,45.526861],[9.1892291,45.5269196],[9.1890694,45.5270324],[9.1889066,45.5271677],[9.1888489,45.5272372],[9.1886897,45.5274291],[9.1885398,45.5275779],[9.1883771,45.5277716],[9.1881377,45.5279791],[9.1878042,45.5282812],[9.187163,45.5289708],[9.187015,45.5292501],[9.1863284,45.5307409],[9.1855447,45.5304676],[9.184642,45.5314637],[9.1845987,45.5324224],[9.1845941,45.5324854],[9.1845767,45.5325395],[9.1845672,45.532571],[9.1845465,45.5326205],[9.1844891,45.5326881],[9.1844492,45.5327377],[9.1844205,45.5327647],[9.1843838,45.5328053],[9.1843535,45.5328414],[9.1843328,45.5328729],[9.1843073,45.5329089],[9.1842898,45.5329315],[9.1842659,45.532963],[9.1842356,45.5330081],[9.1842261,45.5330306],[9.1842054,45.5330666],[9.1841959,45.5331026],[9.1841982,45.5333052],[9.1835206,45.5331893],[9.1828759,45.5343019],[9.1819565,45.5341639],[9.181941,45.5343259],[9.1804001,45.5340809],[9.1800965,45.5352425],[9.1791514,45.5350865],[9.1790657,45.5353026],[9.1782509,45.5348494],[9.1779305,45.5347733],[9.1775,45.5353411],[9.1756649,45.5352044],[9.1755453,45.5358482],[9.1742706,45.5357691],[9.174256,45.5349898],[9.1719834,45.5349175],[9.1719454,45.5350481],[9.1708294,45.5350003],[9.1707905,45.5353694],[9.1693061,45.5352456],[9.1691872,45.5356508],[9.1677365,45.5355855],[9.1677081,45.535725],[9.1657046,45.5354895],[9.165724,45.5350169],[9.1642249,45.5347805],[9.1630062,45.5346881],[9.1629114,45.5346809],[9.1628225,45.5346745],[9.1627411,45.5346683],[9.1623321,45.5346345],[9.1612985,45.5345585],[9.1609646,45.5345332],[9.1611449,45.5337588],[9.1585217,45.533416],[9.1585035,45.5326689],[9.1575245,45.5323597],[9.1578285,45.5311667],[9.1567942,45.5310133],[9.1568078,45.5309561],[9.1569713,45.53015],[9.156592,45.5301097],[9.1567799,45.5294809],[9.1569278,45.5289861],[9.1556452,45.5287778],[9.1563286,45.5265232],[9.156376,45.5263666],[9.155071,45.5262244],[9.1551848,45.5257022],[9.1538862,45.5255239],[9.1537496,45.5259202],[9.1525807,45.5257822],[9.1527142,45.525413],[9.1523251,45.5253685],[9.1526072,45.524315],[9.1515278,45.5241319],[9.1518356,45.5231234],[9.1510408,45.5230109],[9.1512026,45.5224384],[9.1513215,45.5220176],[9.1514058,45.5216953],[9.1515033,45.5213226],[9.1515199,45.5212593],[9.1515484,45.521165],[9.1510778,45.5210857],[9.151081,45.5210587],[9.1510921,45.5210136],[9.1511062,45.5209236],[9.1511554,45.5207615],[9.1511888,45.5206895],[9.1512191,45.5206264],[9.1512653,45.5205588],[9.1512988,45.5205138],[9.1513466,45.5204507],[9.1513801,45.5204057],[9.1514056,45.5203696],[9.1514599,45.5203201],[9.1515158,45.5202615],[9.1515876,45.5201984],[9.1517441,45.5200631],[9.1518432,45.519991],[9.1519374,45.5199324],[9.1520829,45.5198512],[9.1523657,45.5196888],[9.1524712,45.5196301],[9.1527971,45.5194199],[9.1531486,45.5191955],[9.1535218,45.5189888],[9.1536391,45.5189039],[9.1537093,45.5188093],[9.1538176,45.5186202],[9.1515419,45.5181007],[9.1514403,45.5183758],[9.1500311,45.5180942],[9.1500016,45.5181794],[9.1497673,45.5188011],[9.1483456,45.518632],[9.1477111,45.5201855],[9.1483228,45.5202927],[9.1482394,45.5208284],[9.1487742,45.5208952],[9.1484837,45.5218362],[9.1456083,45.5214066],[9.1452646,45.5227468],[9.1438521,45.5226252],[9.1440799,45.5215988],[9.1436445,45.5215769],[9.1435782,45.521919],[9.1430802,45.5218386],[9.1429127,45.5220459],[9.1425883,45.5220535],[9.1413122,45.5219114],[9.1413346,45.5218259],[9.1416462,45.5205938],[9.1384963,45.5201649],[9.1382692,45.520134],[9.1381186,45.5201135],[9.1370607,45.5199694],[9.136833,45.5211218],[9.1361516,45.5210562],[9.1359862,45.5210403],[9.1348014,45.5209262],[9.1344944,45.5222963],[9.1343818,45.5227989],[9.1343803,45.5228304],[9.1343835,45.5228574],[9.1343932,45.5228754],[9.1344188,45.5228889],[9.1344989,45.5229158],[9.1345582,45.5229292],[9.1346447,45.5229471],[9.1347199,45.5229605],[9.1348272,45.5229694],[9.1348992,45.5229828],[9.1349697,45.5229872],[9.135109,45.5230051],[9.1352226,45.5230139],[9.1354148,45.5230587],[9.1361549,45.5232964],[9.1358338,45.5242464],[9.1358046,45.524239],[9.1327395,45.5234624],[9.1326597,45.5234415],[9.130073,45.5228264],[9.1300064,45.5230966],[9.1299954,45.5231641],[9.1299812,45.5232361],[9.1299701,45.5232991],[9.1299622,45.5233666],[9.1299655,45.5233846],[9.1299673,45.5234791],[9.1299819,45.5235556],[9.1299868,45.5236186],[9.1299807,45.5237222],[9.1299363,45.5238977],[9.129906,45.5239653],[9.1298646,45.5240463],[9.1298375,45.5240869],[9.1297752,45.524168],[9.1297082,45.524231],[9.1296555,45.5242896],[9.1295916,45.5243617],[9.1295692,45.5243797],[9.1294765,45.5244428],[9.1294142,45.5244789],[9.1293455,45.5245105],[9.1292831,45.5245376],[9.1292111,45.5245601],[9.1290928,45.5246188],[9.1290688,45.5246323],[9.1290065,45.5246864],[9.1289762,45.5247179],[9.128941,45.5247495],[9.1289171,45.5247675],[9.1288771,45.5247991],[9.128858,45.5248126],[9.1288388,45.5248216],[9.1288116,45.5248441],[9.1288052,45.5248531],[9.1287813,45.5248892],[9.1287606,45.5249522],[9.1287399,45.5250017],[9.128601,45.5251414],[9.1285262,45.5246284],[9.1285244,45.5245564],[9.1285243,45.5245159],[9.1285258,45.5244439],[9.1285304,45.5243764],[9.1285447,45.5243134],[9.1285717,45.5242458],[9.1285861,45.5242098],[9.1286227,45.5241423],[9.1286642,45.5240792],[9.1287009,45.5240297],[9.1287535,45.5239576],[9.1288014,45.5238855],[9.1288412,45.523809],[9.1288715,45.5237414],[9.1289033,45.5236469],[9.1289144,45.5235929],[9.1289142,45.5235299],[9.1289093,45.5234669],[9.1288947,45.5233724],[9.1288943,45.5232103],[9.1288971,45.5230258],[9.1268707,45.5229154],[9.1248443,45.522805],[9.1240179,45.5227882],[9.1240172,45.522737],[9.1240082,45.5220277],[9.1239679,45.5218972],[9.1238408,45.5215958],[9.1237075,45.5214069],[9.1233498,45.5210518],[9.1236083,45.5206869],[9.1225052,45.5205261],[9.1224353,45.5207692],[9.1204276,45.5206013],[9.1202353,45.5215337],[9.1198185,45.5218029],[9.1176738,45.5215934],[9.1179266,45.5200179],[9.11776,45.5199821],[9.1179709,45.5197974],[9.118544,45.5190722],[9.1184256,45.519041],[9.1182717,45.5190004],[9.1174586,45.5197304],[9.1172204,45.5198791],[9.1168638,45.5200055],[9.1155025,45.520385],[9.1138875,45.5206409],[9.1133307,45.5207327],[9.1128073,45.5209345],[9.1125182,45.5211123],[9.111645,45.5217925],[9.110858,45.5224046],[9.1105123,45.5227982],[9.1098113,45.5230774],[9.1095761,45.5232725],[9.109408,45.523444],[9.109077,45.5239693],[9.1088336,45.5239155],[9.10912,45.5230556],[9.1088094,45.5229884],[9.108921,45.5228038],[9.1089029,45.5228016],[9.1073745,45.5226163],[9.1065335,45.5230806],[9.1049748,45.5221756],[9.1034792,45.5213072],[9.1029891,45.5210227],[9.1030007,45.5220803],[9.1027587,45.5231182],[9.1027217,45.5235477],[9.1026164,45.5237593],[9.1020974,45.5243989],[9.1014279,45.5250296],[9.1013833,45.5251691],[9.1011246,45.5255114],[9.100855,45.5260247],[9.1005192,45.5262095],[9.1003752,45.5262321],[9.1000214,45.5262145],[9.0996451,45.5261383],[9.0988699,45.5258644],[9.0981797,45.5257165],[9.0979622,45.5258337],[9.097444,45.5262215],[9.0974345,45.5262286],[9.0967281,45.5267574],[9.0974663,45.5268828],[9.097692,45.5268826],[9.0983119,45.5271386],[9.0987554,45.5271967],[9.0968382,45.5292761],[9.0976142,45.5291329],[9.097883,45.5290202],[9.0986226,45.5299421],[9.1011295,45.5290713],[9.1002142,45.5302108],[9.1010407,45.5304531],[9.1005684,45.5312911],[9.1005636,45.5312996],[9.0998524,45.5310617],[9.0990041,45.5320346],[9.0969153,45.5303802],[9.0962988,45.5299596],[9.09567,45.5295306],[9.0955625,45.5294182],[9.0951591,45.5294095],[9.09457,45.5293875],[9.0942018,45.5294014],[9.0936449,45.5294558],[9.0933141,45.5288395],[9.0941424,45.5282807],[9.0937627,45.5280033],[9.092923,45.527358],[9.0927811,45.526843],[9.0927622,45.5264623],[9.0928803,45.5262671],[9.0929666,45.5261454],[9.0932075,45.5259181],[9.0933756,45.5257132],[9.0934709,45.5255659],[9.0935526,45.5254378],[9.094303,45.5250789],[9.094776,45.524861],[9.0954377,45.5244877],[9.0963721,45.5239606],[9.0963012,45.5239287],[9.096076,45.5237817],[9.0942993,45.5228323],[9.0955584,45.5216439],[9.0926999,45.5204249],[9.0928283,45.5202698],[9.0933158,45.5196809],[9.0933746,45.5196119],[9.0930676,45.5197063],[9.0929084,45.5194629],[9.0930874,45.5194093],[9.0932376,45.5193048],[9.0939222,45.5177942],[9.094149,45.5172692],[9.0944687,45.5165949],[9.0945162,45.5164947],[9.0945933,45.5162771],[9.0949526,45.5161648],[9.0948729,45.5160262],[9.0950282,45.5146479],[9.0951247,45.5142731],[9.0951638,45.5141586],[9.095526,45.5134225],[9.0960165,45.5128845],[9.0964846,45.5125258],[9.0964527,45.5124747],[9.096468,45.5124293],[9.097043,45.5107237],[9.0976199,45.5095015],[9.0977386,45.5092401],[9.0978446,45.5090068],[9.0980226,45.5086149],[9.0982876,45.5079143],[9.0986683,45.506916],[9.0987369,45.5067362],[9.0987666,45.506549],[9.0981877,45.5066919],[9.0952588,45.507412],[9.0947592,45.5066852],[9.0941345,45.5058282],[9.0935744,45.5059749],[9.0931693,45.5060824],[9.0928648,45.5062015],[9.0926319,45.5063204],[9.0924741,45.5064098],[9.0923902,45.5064701],[9.0918201,45.5069476],[9.0916066,45.5070918],[9.0914567,45.5056972],[9.091412,45.5052815],[9.0913471,45.5046766],[9.091307,45.5043834],[9.0912675,45.5040047],[9.090878,45.5029879],[9.0907998,45.5028782],[9.0902993,45.5016218],[9.0901804,45.5013233],[9.09007,45.5010384],[9.0899478,45.5007159],[9.0898589,45.5004162],[9.0900557,45.5002433],[9.0904529,45.4997874],[9.0896975,45.4996569],[9.0896067,45.4995649],[9.0901241,45.4989687],[9.0900966,45.4988695],[9.0893772,45.4985662],[9.0889494,45.4983617],[9.0885575,45.4981508],[9.0880786,45.498009],[9.0878249,45.4977985],[9.0874231,45.4979176],[9.0872698,45.498051],[9.0869803,45.4979432],[9.0869213,45.4978694],[9.0868957,45.4978118],[9.0868393,45.4978155],[9.0860396,45.4988008],[9.0859628,45.4988099],[9.084234,45.4982009],[9.0838756,45.4980896],[9.0837805,45.4979258],[9.0836405,45.4975232],[9.0836083,45.4974308],[9.0835853,45.4974092],[9.0830351,45.4975771],[9.0825837,45.4977362],[9.082297,45.497714],[9.0818422,45.4977559],[9.081583,45.4978233],[9.0815731,45.4978983],[9.0815537,45.498003],[9.0815306,45.4980337],[9.0814821,45.4980715],[9.0814002,45.4981057],[9.0813423,45.498137],[9.0812832,45.4981595],[9.0807642,45.4979358],[9.0804171,45.4976737],[9.0801201,45.497489],[9.0794545,45.4973552],[9.078612,45.4973743],[9.0779501,45.4974963],[9.0767367,45.4977223],[9.0764038,45.4978001],[9.0759168,45.4979348],[9.0750592,45.4979205],[9.0746818,45.4980455],[9.0750189,45.4984421],[9.0751557,45.4986435],[9.0751832,45.4988035],[9.0751563,45.4990819],[9.0750203,45.4993972],[9.0748446,45.4997353],[9.0743309,45.5007237],[9.0739347,45.5016096],[9.0731059,45.5031205],[9.072339,45.5045187],[9.0720978,45.5052715],[9.0733766,45.5055042],[9.0733814,45.505693],[9.0733052,45.5058382],[9.0732687,45.50588],[9.0731346,45.506034],[9.0729724,45.5060804],[9.0727721,45.5060677],[9.0724626,45.5059911],[9.0721123,45.5059913],[9.0716708,45.505886],[9.0714344,45.5058154],[9.0708429,45.5058067],[9.0705281,45.5058429],[9.0701388,45.5057928],[9.0690787,45.5055864],[9.0685587,45.5052896],[9.0683802,45.505183],[9.0681865,45.5051353],[9.0673744,45.5049352],[9.0666137,45.5050649],[9.0658277,45.5051989],[9.064785,45.5045911],[9.0656212,45.5036692],[9.0645896,45.503301],[9.0618889,45.5023371],[9.0603193,45.5045637],[9.0600377,45.504488],[9.0597841,45.5043423],[9.0596435,45.5044948],[9.0592951,45.5042723],[9.0591794,45.5044566],[9.0583301,45.5044817],[9.0577671,45.5049201],[9.0572606,45.5051608],[9.0569687,45.5050872],[9.0569228,45.505161],[9.0566594,45.5054438],[9.0552807,45.505204],[9.0538495,45.5048644],[9.0544083,45.5040148],[9.0536598,45.5037656],[9.0541736,45.5029054],[9.0549633,45.5015832],[9.0550482,45.5014304],[9.0554336,45.5007369],[9.0558039,45.499923],[9.0565671,45.4976598],[9.0580697,45.4976771],[9.0581439,45.4976536],[9.058634,45.4962996],[9.0586225,45.4959303],[9.0588492,45.4953715],[9.0589849,45.4950759],[9.0591818,45.4948202],[9.0594254,45.4946265],[9.0599523,45.4942632],[9.0614598,45.4948298],[9.0624582,45.493979],[9.0627649,45.4935917],[9.0633844,45.4930804],[9.0637072,45.4927827],[9.0639155,45.4919444],[9.0624584,45.4918817],[9.0623357,45.4920024],[9.0621669,45.4920763],[9.0620056,45.4921088],[9.0617444,45.4918911],[9.0610632,45.491634],[9.0609249,45.4915423],[9.0613211,45.4909462],[9.0613232,45.4909094],[9.0613551,45.4904835],[9.0614214,45.4902886],[9.0614916,45.4900838],[9.0614399,45.4896249],[9.0614422,45.4890299],[9.0641776,45.488443],[9.0641914,45.488491],[9.064098,45.4885865],[9.063584,45.4890439],[9.0630366,45.4892963],[9.0627557,45.4898185],[9.0628148,45.4900687],[9.0626461,45.4902363],[9.0626001,45.4904181],[9.0639751,45.490377],[9.0639437,45.4902157],[9.0650529,45.4901796],[9.0649213,45.4884282],[9.0665907,45.4885166],[9.0666401,45.4884153],[9.066703,45.4882894],[9.0673168,45.4867318],[9.066793,45.4864354],[9.0664431,45.4863395],[9.0656615,45.4861589],[9.0660824,45.4849508],[9.0660874,45.4848229],[9.0659487,45.484463],[9.065981,45.4836168],[9.0659067,45.4834747],[9.0656872,45.4833316],[9.06574,45.4832407],[9.0657143,45.4831147],[9.0658599,45.4829509],[9.0678572,45.4817994],[9.0690644,45.4811973],[9.0699618,45.4805451],[9.0701103,45.4805702],[9.0702636,45.4804099],[9.0708541,45.4799181],[9.0717641,45.47903],[9.0720553,45.4787059],[9.0722702,45.4786085],[9.0722806,45.4786026],[9.0725054,45.4784751],[9.072715,45.4783094],[9.0731832,45.4782533],[9.0733774,45.4779723],[9.0736688,45.4778461],[9.0738864,45.4778604],[9.0739605,45.4777811],[9.0741294,45.477745],[9.0743236,45.4775631],[9.074582,45.4775323],[9.074697,45.4774638],[9.0750066,45.4774204],[9.0752523,45.4774742],[9.0751268,45.4773069],[9.0752236,45.4769774],[9.0751285,45.4766859],[9.0751411,45.4765725],[9.0755196,45.4764263],[9.075609,45.4762679],[9.0754704,45.475989],[9.0755187,45.4756991],[9.0755957,45.4753753],[9.0755793,45.475096],[9.0753825,45.4748377],[9.0747338,45.4743332],[9.0777629,45.472081],[9.0777321,45.4720398],[9.077686,45.4719784],[9.0775108,45.4720178],[9.0771948,45.472049],[9.077054,45.4720544],[9.0769569,45.4720581],[9.0766268,45.4720133],[9.0764066,45.4719217],[9.0760455,45.4716609],[9.0747307,45.4704897],[9.0742629,45.4703353],[9.0738714,45.4703248],[9.0732318,45.470282],[9.0728839,45.4703272],[9.073427,45.4688327],[9.0734474,45.4687927],[9.0743686,45.4669922],[9.0737851,45.4668576],[9.0740804,45.4666907],[9.0747647,45.4647093],[9.0754598,45.4637131],[9.0755962,45.4636452],[9.0756715,45.4635763],[9.0757053,45.4635454],[9.0757183,45.4634472],[9.0755718,45.4633284],[9.075435,45.4632462],[9.0744135,45.4629444],[9.0741128,45.4628556],[9.0738718,45.4628373],[9.0736877,45.4628609],[9.0732028,45.4631909],[9.0716215,45.4640356],[9.0705945,45.4645842],[9.069821,45.4648009],[9.0695384,45.46488],[9.0692952,45.4648136],[9.0697417,45.4638214],[9.0698642,45.4635675],[9.0703698,45.4628957],[9.0707892,45.4627118],[9.0709552,45.4625641],[9.0715921,45.4623639],[9.0718091,45.4620793],[9.0716399,45.4617806],[9.071759,45.4616069],[9.0717905,45.4615609],[9.071982,45.4614779],[9.0724339,45.4607619],[9.0725768,45.4605324],[9.0732165,45.4604043],[9.0734259,45.4600891],[9.0737813,45.459925],[9.0744559,45.4593683],[9.074573,45.4590868],[9.0744298,45.4590209],[9.0746672,45.4585959],[9.074673,45.4582925],[9.0747199,45.4578416],[9.0746863,45.4575932],[9.0745657,45.4573394],[9.0734298,45.4572322],[9.0725059,45.4570759],[9.0725015,45.4573677],[9.0724821,45.4574957],[9.0724609,45.457636],[9.0724026,45.4580717],[9.0721776,45.4582944],[9.0720066,45.4584806],[9.0717355,45.4584789],[9.0716641,45.4586501],[9.0710987,45.4585909],[9.0704772,45.4586436],[9.0701269,45.458795],[9.0697949,45.4592399],[9.0697011,45.4599222],[9.0697755,45.4601129],[9.0697684,45.4605954],[9.0696791,45.4608151],[9.0696921,45.4609699],[9.0696079,45.4610888],[9.069319,45.4612672],[9.069117,45.4613393],[9.0688389,45.4614109],[9.0683055,45.4617458],[9.0680457,45.4618224],[9.0677439,45.4618964],[9.0674191,45.4619056],[9.0672811,45.4620947],[9.0673914,45.4623197],[9.067371,45.4624133],[9.0672202,45.4624836],[9.0671538,45.4625592],[9.067236,45.4628021],[9.0671797,45.4628887],[9.0669572,45.4628708],[9.0667475,45.4629789],[9.066479,45.463449],[9.066477,45.4634525],[9.0664056,45.4637748],[9.0663212,45.463782],[9.0661856,45.4637119],[9.0616418,45.4628404],[9.0579931,45.4627388],[9.0579394,45.4626956],[9.058338,45.4622976],[9.0583097,45.4622202],[9.0566848,45.4617818],[9.0558148,45.4614744],[9.0555692,45.4614799],[9.0551829,45.4613469],[9.0549679,45.4613632],[9.0547889,45.4613687],[9.054656,45.4615181],[9.053694,45.4613206],[9.0523413,45.4620142],[9.0519703,45.4619712],[9.0515968,45.4618868],[9.0498771,45.464082],[9.0497799,45.4641],[9.0481727,45.4634041],[9.0468394,45.4627529],[9.0463818,45.4632679],[9.0459372,45.4638856],[9.0451275,45.4654377],[9.0447697,45.4660625],[9.0446368,45.4661058],[9.0440252,45.4658629],[9.0438665,45.4657658],[9.0429556,45.4654675],[9.0433226,45.4638308],[9.042974,45.4636887],[9.0447474,45.459948],[9.0460172,45.4603301],[9.0473622,45.4582477],[9.0470816,45.4580253],[9.0490631,45.4550271],[9.0483068,45.4549329],[9.0499352,45.4524074],[9.0496634,45.4523611],[9.0494076,45.4523176],[9.0494177,45.4523024],[9.0500398,45.4513677],[9.0503673,45.4511291],[9.0502425,45.4510931],[9.0499021,45.4511023],[9.0490723,45.4509496],[9.0451583,45.4493948],[9.0451338,45.4493851],[9.043701,45.4487646],[9.0437808,45.448607],[9.0410499,45.4476404],[9.0409475,45.447555],[9.0408867,45.447447]]]}},{"type":"Feature","properties":{"name":"Municipio 1","boundary":"administrative","admin_level":"10","type":"boundary","osm_id":3952986,"wikidata":"Q2494319"},"geometry":{"type":"MultiPolygon","coordinates":[[[[9.1616487,45.4701104],[9.1617579,45.4700456],[9.1618211,45.4700081],[9.1625839,45.4694063],[9.1626324,45.4693709],[9.1626884,45.46933],[9.1627903,45.4692516],[9.1639614,45.4683519],[9.1643087,45.4680724],[9.1649456,45.4676358],[9.1649288,45.4675667],[9.1647553,45.4669945],[9.1647473,45.4669687],[9.165091,45.4669057],[9.1650758,45.4668561],[9.1650234,45.4666892],[9.1650045,45.4666261],[9.1649711,45.4665163],[9.1649117,45.4663206],[9.1649042,45.466296],[9.1648667,45.4661924],[9.1648591,45.4661717],[9.1648571,45.4661654],[9.1648243,45.4660652],[9.1648061,45.4660152],[9.1645952,45.46533],[9.1642438,45.464094],[9.1641001,45.4636291],[9.1640747,45.4635444],[9.1640525,45.4634658],[9.1640076,45.4633575],[9.1636337,45.4621266],[9.1636219,45.4620886],[9.163584,45.4619667],[9.1635751,45.4619305],[9.1635676,45.4619001],[9.16352,45.461731],[9.1635128,45.4616889],[9.1635079,45.4616291],[9.1634169,45.4612879],[9.1637986,45.460806],[9.1639558,45.4607197],[9.1639988,45.4606915],[9.1640824,45.460636],[9.1656184,45.4596284],[9.1657155,45.4595644],[9.1657373,45.4595516],[9.1658171,45.4595046],[9.1658993,45.4594477],[9.1659252,45.4594297],[9.1660941,45.4593172],[9.1674047,45.4584578],[9.1674951,45.4583962],[9.1686878,45.4576137],[9.1687119,45.4575982],[9.1687612,45.4575663],[9.1688619,45.4575023],[9.1689976,45.4574094],[9.169117,45.4573276],[9.1692863,45.4572117],[9.1694703,45.4570972],[9.1694821,45.4570899],[9.1696042,45.4570073],[9.170543,45.4563945],[9.170621,45.456342],[9.1707066,45.4562827],[9.1716444,45.4556668],[9.1717351,45.4556075],[9.1717497,45.4556165],[9.171819,45.4556605],[9.1723673,45.4560255],[9.1727276,45.4563083],[9.1734837,45.4558247],[9.1742322,45.4553191],[9.1748715,45.4548516],[9.1752476,45.4545618],[9.1756714,45.4542352],[9.1758567,45.4540951],[9.1766473,45.4534589],[9.1771857,45.4530367],[9.1772448,45.4529984],[9.1773001,45.4529722],[9.1773586,45.4529531],[9.1774326,45.4529381],[9.1775019,45.4529324],[9.1787014,45.4530161],[9.1786933,45.4530507],[9.1786639,45.453206],[9.1786508,45.4532123],[9.1790948,45.4532348],[9.1794193,45.4532393],[9.1794995,45.4532415],[9.1795567,45.4532424],[9.1802719,45.4532278],[9.1802474,45.4530333],[9.1807375,45.4529232],[9.1811545,45.4528305],[9.1844884,45.452517],[9.1860059,45.4524172],[9.1867404,45.4523541],[9.1867683,45.4523497],[9.1876597,45.4521785],[9.1886004,45.4520473],[9.189556,45.4519739],[9.1903442,45.4519459],[9.1909334,45.4519467],[9.1926973,45.4519703],[9.1939618,45.4519944],[9.1941299,45.4519952],[9.1943623,45.4519944],[9.1965517,45.4520115],[9.1978815,45.452067],[9.1986589,45.4520678],[9.199927,45.4519769],[9.2007729,45.451909],[9.2011977,45.4519671],[9.2014805,45.4520996],[9.2018108,45.4523467],[9.20186,45.452381],[9.2025537,45.451962],[9.2026574,45.4521116],[9.2029053,45.4526358],[9.2034639,45.4537432],[9.20373,45.4542349],[9.2042164,45.4551297],[9.2042767,45.4552573],[9.2048534,45.4563227],[9.2050159,45.4566125],[9.205537,45.4575421],[9.2056243,45.4577218],[9.2056579,45.4577837],[9.2056757,45.457817],[9.2056839,45.4578307],[9.2056909,45.4578445],[9.2057311,45.4579082],[9.2057372,45.4579186],[9.2058081,45.4580377],[9.2058367,45.4580829],[9.2059025,45.4581864],[9.2059823,45.4582968],[9.2063036,45.4587004],[9.2070929,45.459692],[9.207156,45.4597588],[9.2072268,45.4598471],[9.2073076,45.4599419],[9.2076646,45.4603932],[9.2076944,45.4604435],[9.2077134,45.460485],[9.2077192,45.4605315],[9.2077226,45.4605941],[9.207727,45.4606315],[9.2077198,45.4607544],[9.2077167,45.4608538],[9.2076919,45.4609264],[9.2076787,45.4612751],[9.2076193,45.4619064],[9.2076074,45.462023],[9.2076035,45.4620668],[9.2075966,45.4621317],[9.2075916,45.4621815],[9.2075758,45.4623481],[9.2075706,45.4624025],[9.207547,45.4626432],[9.2075437,45.4626806],[9.2075353,45.4628002],[9.2074945,45.4631706],[9.2074899,45.4632009],[9.207484,45.4632315],[9.2074783,45.4632607],[9.2074716,45.4632875],[9.2074658,45.4633077],[9.2074593,45.4633307],[9.2074479,45.4633729],[9.2074468,45.4634766],[9.2073874,45.4643424],[9.2073239,45.4652147],[9.2073065,45.4654045],[9.2072089,45.4664713],[9.2072015,45.4665558],[9.207056,45.467669],[9.2070352,45.4678673],[9.2070073,45.4681264],[9.20697,45.4685235],[9.2069071,45.4692003],[9.2069032,45.4692353],[9.2067617,45.4706133],[9.206743,45.4708018],[9.2066387,45.4718544],[9.2066109,45.4721349],[9.2064687,45.4736618],[9.2064553,45.4738227],[9.2064368,45.4738697],[9.2064081,45.4739309],[9.2063813,45.4739779],[9.2063456,45.4740119],[9.206306,45.474041],[9.2062332,45.4740889],[9.2057042,45.4743532],[9.2052113,45.4745812],[9.2045168,45.4749024],[9.2030578,45.4755675],[9.2026459,45.4757553],[9.202147,45.4759857],[9.2012498,45.4763995],[9.2009067,45.4765471],[9.2000037,45.4769605],[9.1991518,45.4773428],[9.1984336,45.4776753],[9.1969327,45.4783713],[9.1956211,45.4789586],[9.1945112,45.4794178],[9.1943697,45.4794074],[9.1942357,45.4794628],[9.1942093,45.4794725],[9.1941655,45.4794871],[9.1940472,45.4795176],[9.1939366,45.4795439],[9.1938006,45.4795713],[9.1934487,45.4796176],[9.1931458,45.4796453],[9.1930349,45.4796531],[9.1928998,45.4796686],[9.1923966,45.4797249],[9.1922733,45.4797387],[9.1922182,45.4797442],[9.1921746,45.4797483],[9.1922093,45.4798282],[9.1922211,45.4798621],[9.1922705,45.4800483],[9.192313,45.4802085],[9.1923412,45.4803093],[9.1923461,45.4803244],[9.1912713,45.4804771],[9.1911191,45.4804984],[9.1910648,45.4805065],[9.1910262,45.4805128],[9.1909915,45.480519],[9.1909555,45.4805274],[9.1909249,45.4805358],[9.1908948,45.4805458],[9.1908647,45.4805566],[9.1908385,45.4805681],[9.1908123,45.4805804],[9.1906972,45.4806302],[9.1906504,45.4806511],[9.190615,45.4806669],[9.1905146,45.4807058],[9.1895354,45.4807574],[9.1880041,45.4808223],[9.1878198,45.4802436],[9.1877028,45.4802614],[9.1876136,45.4799991],[9.1874467,45.4800301],[9.1875201,45.4802903],[9.1869217,45.4803863],[9.1868669,45.4803953],[9.1868079,45.4804032],[9.1865727,45.4804348],[9.1863233,45.4804833],[9.1861914,45.4805068],[9.185797,45.4805837],[9.1860462,45.4811473],[9.1853617,45.481331],[9.1845693,45.4815359],[9.1842693,45.4816142],[9.1841942,45.4816347],[9.1840225,45.4816847],[9.1823666,45.4821225],[9.1823506,45.4821255],[9.1823033,45.4821284],[9.1822767,45.48213],[9.182188,45.4821242],[9.1820724,45.4820837],[9.1820335,45.4820698],[9.1819951,45.4820556],[9.1818848,45.4820163],[9.1818706,45.4820113],[9.1818509,45.4820044],[9.1817425,45.4819665],[9.181683,45.4819442],[9.1815763,45.481904],[9.1814766,45.4818812],[9.1814499,45.4818751],[9.1814285,45.4818693],[9.1814115,45.4818678],[9.1813562,45.4818632],[9.1813344,45.4818614],[9.1812595,45.4818534],[9.1802022,45.4817416],[9.1800087,45.4817253],[9.1799591,45.4817211],[9.1790865,45.4816487],[9.1790249,45.4816426],[9.1790091,45.4816412],[9.1789858,45.4816393],[9.178914,45.4816329],[9.1778595,45.4815444],[9.1778343,45.4815427],[9.1778122,45.4815407],[9.1773033,45.4814977],[9.1772315,45.4814916],[9.1771878,45.481488],[9.1765573,45.4814357],[9.1765355,45.4814339],[9.176491,45.48143],[9.1759557,45.4813824],[9.1758869,45.4813763],[9.1758062,45.4813696],[9.1747666,45.4812838],[9.1747139,45.4812794],[9.174657,45.4812769],[9.1740397,45.4812312],[9.1739603,45.4812253],[9.1738159,45.4812148],[9.1731044,45.4811631],[9.1730612,45.4811599],[9.1730335,45.4811578],[9.1728526,45.4811444],[9.1728324,45.4811429],[9.1725211,45.4811201],[9.1724759,45.4810914],[9.1722558,45.4809518],[9.1719284,45.4807402],[9.1719566,45.4806957],[9.1719085,45.480666],[9.1713918,45.4803475],[9.1713229,45.4803048],[9.1712964,45.4803192],[9.1712556,45.4802932],[9.1712268,45.4802759],[9.1704607,45.4797855],[9.1700843,45.479545],[9.1699917,45.4794859],[9.1699362,45.4794493],[9.169893,45.4794208],[9.1690834,45.4788868],[9.1690381,45.4788568],[9.1689654,45.478809],[9.1688782,45.4787518],[9.1688668,45.4787441],[9.1687895,45.4786943],[9.1687459,45.4786667],[9.1686119,45.4785823],[9.16851,45.4785154],[9.1685008,45.4785094],[9.1684738,45.4784917],[9.1683912,45.4784375],[9.1683831,45.4784322],[9.1683609,45.4784176],[9.1683325,45.478399],[9.1682548,45.478348],[9.1681951,45.4783092],[9.1681368,45.4782713],[9.1673516,45.4777608],[9.1672743,45.4777106],[9.1672127,45.4776692],[9.1664486,45.4771676],[9.1663619,45.4771132],[9.1661672,45.4769861],[9.1661409,45.476969],[9.1660582,45.4769155],[9.1658771,45.4767969],[9.1654599,45.4765308],[9.1652675,45.4764025],[9.165245,45.4763851],[9.1652265,45.4763685],[9.1652035,45.4763513],[9.1651828,45.4763332],[9.1651635,45.4763132],[9.1651493,45.4762944],[9.1651346,45.4762683],[9.1651267,45.4762474],[9.1651198,45.476219],[9.1651156,45.4761976],[9.1651082,45.4761412],[9.165105,45.4761237],[9.1651003,45.4761056],[9.1650937,45.4760894],[9.1650856,45.4760736],[9.1650761,45.4760586],[9.1650664,45.4760478],[9.1650527,45.4760384],[9.1650364,45.476029],[9.1650188,45.4760182],[9.165004,45.4760056],[9.1649922,45.4759915],[9.1649838,45.4759762],[9.1649792,45.4759602],[9.1649782,45.4759438],[9.1649811,45.4759276],[9.1649831,45.4759096],[9.1649826,45.475892],[9.1649794,45.4758743],[9.1649737,45.4758572],[9.1649659,45.4758424],[9.1649523,45.4758221],[9.1649396,45.4757973],[9.1645623,45.47497],[9.1645518,45.474947],[9.1645261,45.4748907],[9.1645004,45.4748343],[9.1644321,45.4746846],[9.1644072,45.4746303],[9.1643868,45.4745874],[9.1643785,45.4745697],[9.1643725,45.4745576],[9.1643453,45.4745084],[9.1643168,45.4744451],[9.1641674,45.4740829],[9.1641263,45.4740024],[9.1638034,45.4732889],[9.1633012,45.4721724],[9.1631548,45.4718594],[9.163085,45.4717658],[9.1630069,45.4716794],[9.1623796,45.4709397],[9.1623234,45.4708761],[9.1617175,45.47019],[9.1616909,45.4701557],[9.1616487,45.4701104]]]]}},{"type":"Feature","properties":{"name":"Municipio 2","boundary":"administrative","admin_level":"10","type":"boundary","osm_id":3953074,"wikidata":"Q2493917"},"geometry":{"type":"MultiPolygon","coordinates":[[[[9.1917647,45.489475],[9.1919493,45.4894161],[9.192106,45.4893661],[9.1921736,45.4893434],[9.1923583,45.4892861],[9.1926535,45.4891961],[9.1927199,45.4891762],[9.1928991,45.4891207],[9.1931064,45.4890534],[9.1931683,45.4890317],[9.1940301,45.4887616],[9.1941332,45.4887293],[9.1946692,45.4885614],[9.1949836,45.4884629],[9.1950812,45.4884327],[9.1951231,45.4884158],[9.1952068,45.4883821],[9.1954217,45.4882956],[9.1955137,45.4882586],[9.195554,45.4882416],[9.1956966,45.4881884],[9.1958107,45.4881506],[9.1958732,45.4881302],[9.1959015,45.4881212],[9.1961337,45.488026],[9.196201,45.4879979],[9.1964006,45.4879144],[9.1964775,45.4878827],[9.196593,45.4878303],[9.196868,45.4876629],[9.1969515,45.4876189],[9.1971209,45.4875298],[9.1971432,45.4875191],[9.1973512,45.487408],[9.1978712,45.4871329],[9.197907,45.4871137],[9.1979381,45.4870976],[9.1980304,45.4870457],[9.1981376,45.4869866],[9.1982206,45.4869413],[9.1982552,45.4869228],[9.198319,45.4868899],[9.1984043,45.486846],[9.1986775,45.4866992],[9.1992413,45.4863976],[9.1993181,45.4863569],[9.1992739,45.4862378],[9.1989889,45.4854984],[9.1989097,45.4852928],[9.1989026,45.4852743],[9.1987559,45.4848883],[9.1984086,45.4839821],[9.1983748,45.483888],[9.1983416,45.4837887],[9.198126,45.4832224],[9.1981079,45.4831755],[9.1980897,45.4831278],[9.1979842,45.4828507],[9.197837,45.4824706],[9.1974996,45.4815782],[9.1974712,45.4815225],[9.1973248,45.4810501],[9.1973732,45.4810287],[9.1974629,45.4809861],[9.1975146,45.4809634],[9.1973958,45.4809171],[9.1973472,45.4808909],[9.1973145,45.4808733],[9.1968707,45.4806341],[9.1968608,45.4806288],[9.1968097,45.4805882],[9.1967738,45.480571],[9.1967528,45.4805571],[9.1967042,45.4805263],[9.1966797,45.4804932],[9.1964761,45.480334],[9.1963271,45.4803091],[9.1962635,45.4802895],[9.1960302,45.4801909],[9.1953879,45.4799304],[9.1948387,45.4796741],[9.1947863,45.4796403],[9.1947694,45.4796285],[9.1947485,45.4796071],[9.1946683,45.4795176],[9.1946177,45.4794772],[9.1946065,45.4794687],[9.1945713,45.4794541],[9.1945255,45.4794393],[9.1944623,45.479424],[9.1943697,45.4794074],[9.1945112,45.4794178],[9.1956211,45.4789586],[9.1969327,45.4783713],[9.1984336,45.4776753],[9.1991518,45.4773428],[9.2000037,45.4769605],[9.2009067,45.4765471],[9.2009526,45.4766299],[9.2010114,45.4766935],[9.2010267,45.47671],[9.2015796,45.4772929],[9.201632,45.4773494],[9.2016873,45.4774104],[9.2019862,45.4777404],[9.2020753,45.4778365],[9.2022676,45.4780441],[9.2025755,45.4783683],[9.2026334,45.4784288],[9.20266,45.4784579],[9.2026887,45.4784899],[9.2027505,45.4785567],[9.2028094,45.4786221],[9.2028433,45.4786596],[9.2028788,45.4786993],[9.2029086,45.4787311],[9.203093,45.4789267],[9.203131,45.4789671],[9.2031634,45.4790009],[9.2033283,45.4791723],[9.2038935,45.4797599],[9.2039238,45.4797916],[9.2039669,45.4798323],[9.2042399,45.4800904],[9.2052868,45.4810984],[9.2053248,45.4811345],[9.205377,45.4811797],[9.2061625,45.48193],[9.2065311,45.4822846],[9.206588,45.4823389],[9.2066527,45.482398],[9.206664,45.4824091],[9.2066762,45.4824207],[9.2067444,45.4824871],[9.2067518,45.4824943],[9.2067791,45.4825223],[9.2071889,45.4829074],[9.2075256,45.483224],[9.2078987,45.4835829],[9.2079559,45.4836374],[9.2080177,45.4836961],[9.2084166,45.4840719],[9.2086224,45.4842656],[9.2086431,45.4842855],[9.2087054,45.4843455],[9.2093293,45.4849346],[9.2093668,45.48497],[9.209436,45.4850318],[9.209638,45.4852254],[9.209662,45.4852485],[9.2097133,45.4852958],[9.2098297,45.4854066],[9.2099255,45.485495],[9.2099786,45.4855479],[9.2100939,45.4856584],[9.2101631,45.4857252],[9.2106394,45.4861848],[9.2110223,45.4865477],[9.211086,45.4866104],[9.2111546,45.4866768],[9.2114784,45.4869825],[9.2116806,45.4871748],[9.2117465,45.4872365],[9.2117831,45.4872717],[9.2118851,45.4873676],[9.2123055,45.4877691],[9.2123705,45.4878312],[9.2124387,45.4878932],[9.2135894,45.4873121],[9.2149137,45.4866325],[9.2147961,45.4865082],[9.2147079,45.4864055],[9.2146485,45.4863385],[9.2146649,45.4862721],[9.2146942,45.4861514],[9.2147422,45.4859541],[9.2159726,45.4860981],[9.2161187,45.4861039],[9.2165262,45.4861201],[9.2169828,45.4861314],[9.2176957,45.486152],[9.217862,45.486167],[9.2192545,45.4867381],[9.2193818,45.4867937],[9.219453,45.4868248],[9.2197057,45.4869352],[9.2199307,45.4870321],[9.2201784,45.4871417],[9.2206359,45.4873352],[9.2207067,45.4873648],[9.2207408,45.48738],[9.2207735,45.4873952],[9.2208038,45.4874108],[9.2208329,45.4874263],[9.2208577,45.4874406],[9.2208964,45.4874637],[9.2209281,45.4874841],[9.2209787,45.4875201],[9.2210222,45.4875533],[9.2211506,45.4876581],[9.2212217,45.4877226],[9.2212519,45.487752],[9.2223801,45.4887231],[9.2224991,45.4888255],[9.2226458,45.4889561],[9.2231747,45.4894138],[9.223194,45.4894305],[9.2233419,45.489559],[9.2233729,45.4895858],[9.223487,45.4896846],[9.2235784,45.4897597],[9.2236605,45.4898281],[9.2238274,45.4899622],[9.2240121,45.4901029],[9.224506,45.4904709],[9.2245872,45.4905213],[9.224679,45.4905757],[9.2248043,45.490644],[9.2249105,45.4907019],[9.2250058,45.490736],[9.2254393,45.4909767],[9.2256564,45.4910928],[9.2260163,45.4912852],[9.2261999,45.4913856],[9.226358,45.4914742],[9.2263808,45.491487],[9.2264424,45.4915213],[9.2265173,45.491562],[9.22658,45.4915939],[9.2266298,45.4916172],[9.2266381,45.4916211],[9.2266814,45.491637],[9.2267002,45.4916427],[9.2267375,45.491651],[9.2267749,45.4916584],[9.2268209,45.4916673],[9.2268594,45.491674],[9.226928,45.4916861],[9.2285549,45.4919772],[9.2291844,45.4920863],[9.2295357,45.4922033],[9.2297923,45.4923285],[9.2300087,45.4924349],[9.2301612,45.4924724],[9.2304143,45.4925328],[9.2306155,45.4925754],[9.2308564,45.49264],[9.23113,45.492734],[9.2313213,45.4928223],[9.2315064,45.49292],[9.2318631,45.4931456],[9.2332928,45.4940444],[9.2335368,45.4942174],[9.2340734,45.4946252],[9.2345728,45.4950107],[9.2347947,45.4951819],[9.2350613,45.4953968],[9.2352916,45.4955718],[9.2355288,45.495747],[9.2357458,45.4959024],[9.2362733,45.496303],[9.2367584,45.4967058],[9.2369813,45.4968763],[9.2375784,45.4973332],[9.2386562,45.4981577],[9.2403339,45.4994412],[9.2409784,45.4999343],[9.2422319,45.5008932],[9.2424323,45.5010465],[9.2432968,45.5017127],[9.24376,45.5020696],[9.2444552,45.5025982],[9.2448392,45.5028898],[9.2452499,45.5032057],[9.2459788,45.5037495],[9.2470258,45.5045508],[9.2478548,45.5051752],[9.2481272,45.5053816],[9.2493018,45.5062712],[9.2509641,45.5075509],[9.2528891,45.5090237],[9.2542159,45.5100395],[9.2557577,45.5112642],[9.2561237,45.5115384],[9.2566414,45.5116484],[9.2570729,45.5117517],[9.2579088,45.511952],[9.2582483,45.5120334],[9.2595497,45.5122436],[9.261979,45.5127152],[9.2632647,45.512618],[9.2659206,45.5124954],[9.2669866,45.5124101],[9.2670158,45.5124081],[9.267206,45.5123524],[9.2672636,45.5123364],[9.2672637,45.5124203],[9.2679934,45.5123945],[9.2681879,45.5123876],[9.2685336,45.5148194],[9.2686024,45.5150041],[9.2686468,45.5152074],[9.2686616,45.5156251],[9.2686801,45.5157366],[9.2685734,45.516087],[9.2685616,45.5161258],[9.2685494,45.5162428],[9.2685652,45.5163597],[9.2685889,45.5164821],[9.2686812,45.5167719],[9.2684215,45.5168191],[9.2683824,45.5161123],[9.2685007,45.5156994],[9.2660886,45.5158324],[9.2648265,45.51594],[9.2648049,45.5159223],[9.2645119,45.515647],[9.264489,45.5156255],[9.2639889,45.5151571],[9.2621594,45.5154277],[9.2622428,45.5157444],[9.2619434,45.5158044],[9.2624494,45.5172309],[9.2615922,45.5173588],[9.2619228,45.5184751],[9.2610763,45.518633],[9.2610459,45.5189626],[9.2608184,45.5189631],[9.2608903,45.5197083],[9.2605084,45.5198307],[9.2602658,45.5195178],[9.2601245,45.5194766],[9.2601219,45.5194181],[9.2599464,45.519349],[9.2597956,45.5192182],[9.2596722,45.5191065],[9.2594543,45.5192158],[9.2592441,45.5190563],[9.2591495,45.5190695],[9.2591277,45.5194564],[9.2591875,45.5195874],[9.2592788,45.5196576],[9.2592294,45.5197825],[9.2592126,45.5201262],[9.2587437,45.5201228],[9.2583331,45.5192506],[9.2587569,45.5188356],[9.2586014,45.518773],[9.2583959,45.5186429],[9.258027,45.5184547],[9.2575361,45.5182218],[9.2572459,45.5180964],[9.2571895,45.5181277],[9.2566919,45.5184037],[9.2564748,45.5184952],[9.2562371,45.5185954],[9.255973,45.5187068],[9.2554,45.5188629],[9.2552233,45.518911],[9.2552957,45.5193339],[9.2552419,45.5198336],[9.2552973,45.5204051],[9.2545906,45.5203889],[9.253732,45.5203461],[9.2524907,45.5201515],[9.2515199,45.5200019],[9.2514205,45.5199906],[9.2506242,45.519859],[9.2498385,45.519735],[9.2497365,45.5199267],[9.2496313,45.520026],[9.2486925,45.51983],[9.2480368,45.5195884],[9.2463602,45.5190384],[9.2463214,45.5190222],[9.2450924,45.5185106],[9.2448867,45.518425],[9.2448507,45.5185061],[9.2446701,45.518913],[9.2446565,45.5189435],[9.244647,45.5189649],[9.2446267,45.5190107],[9.2440734,45.5189491],[9.2438381,45.5189802],[9.2434101,45.5189637],[9.2431773,45.518975],[9.2429252,45.5189922],[9.2421173,45.5190475],[9.2407754,45.5192708],[9.2406475,45.5192482],[9.2377017,45.5187282],[9.2379219,45.5178231],[9.2359628,45.5174176],[9.2357378,45.5175801],[9.234932,45.5174419],[9.2343635,45.5173444],[9.2330284,45.5209076],[9.2330222,45.5209276],[9.232999,45.5210026],[9.2329297,45.5212268],[9.2312439,45.5211447],[9.2309642,45.523184],[9.2292989,45.5230497],[9.2292544,45.5232252],[9.2280497,45.5230871],[9.2279029,45.523069],[9.2277633,45.5230527],[9.2260352,45.5228556],[9.2258705,45.5235583],[9.2258516,45.5235559],[9.2258506,45.5235599],[9.2257116,45.5235426],[9.2255543,45.5235229],[9.2255455,45.5235573],[9.225535,45.5235987],[9.2255275,45.5236281],[9.2255152,45.5236731],[9.2251598,45.5236273],[9.2251681,45.5235856],[9.2239755,45.5234289],[9.2239322,45.523597],[9.2235804,45.5235511],[9.2234849,45.5235379],[9.2234812,45.5235389],[9.2234787,45.5235395],[9.2235149,45.5235871],[9.2233398,45.5236544],[9.2232368,45.5235264],[9.2227238,45.5237249],[9.2225232,45.5235269],[9.222222,45.5232051],[9.2221281,45.5231152],[9.2201593,45.5209758],[9.219137,45.5198366],[9.2171891,45.5174031],[9.2166284,45.5165325],[9.2163307,45.5160254],[9.2162143,45.5158407],[9.2155803,45.5148348],[9.2146322,45.5135724],[9.2145793,45.513502],[9.2148269,45.5134255],[9.2139895,45.5122516],[9.2135082,45.511544],[9.2133027,45.5112522],[9.2125578,45.5102092],[9.2123629,45.5099319],[9.2121852,45.5096724],[9.2118273,45.5091801],[9.211523,45.5088301],[9.2108969,45.5079508],[9.2105535,45.5074809],[9.2089127,45.5053267],[9.2085366,45.504843],[9.2082921,45.5045206],[9.2082114,45.5044113],[9.2065065,45.5021828],[9.2064767,45.5021734],[9.2061034,45.5022331],[9.2008393,45.5030444],[9.2005103,45.5030979],[9.1992975,45.5032878],[9.1989268,45.5033432],[9.1982557,45.5021571],[9.1977383,45.5012531],[9.1973724,45.5005998],[9.1972751,45.5004258],[9.1966376,45.4993096],[9.1966115,45.4992681],[9.1957609,45.4977752],[9.1945814,45.4956642],[9.1944692,45.4954637],[9.193924,45.4944839],[9.1929029,45.4926487],[9.1928136,45.4924934],[9.1914227,45.4901143],[9.19165,45.48969],[9.1917647,45.489475]]]]}},{"type":"Feature","properties":{"name":"Municipio 3","boundary":"administrative","admin_level":"10","type":"boundary","osm_id":3953174,"wikidata":"Q4024691"},"geometry":{"type":"MultiPolygon","coordinates":[[[[9.2009067,45.4765471],[9.2012498,45.4763995],[9.202147,45.4759857],[9.2026459,45.4757553],[9.2030578,45.4755675],[9.2045168,45.4749024],[9.2052113,45.4745812],[9.2057042,45.4743532],[9.2062332,45.4740889],[9.206306,45.474041],[9.2063456,45.4740119],[9.2063813,45.4739779],[9.2064081,45.4739309],[9.2064368,45.4738697],[9.2064553,45.4738227],[9.2064687,45.4736618],[9.2066109,45.4721349],[9.2066387,45.4718544],[9.206743,45.4708018],[9.2067617,45.4706133],[9.2069032,45.4692353],[9.2069071,45.4692003],[9.20697,45.4685235],[9.2070073,45.4681264],[9.2070352,45.4678673],[9.2072366,45.4678679],[9.2086789,45.4678757],[9.2098598,45.4679014],[9.2101759,45.4679129],[9.2117467,45.4679332],[9.2133225,45.4679245],[9.2150571,45.4679587],[9.2159683,45.4679718],[9.2173357,45.4679779],[9.2183548,45.4679718],[9.2197132,45.4679842],[9.2206107,45.4679945],[9.2214223,45.4680013],[9.2225401,45.4680094],[9.2238037,45.4680538],[9.2248869,45.468085],[9.2266557,45.4681006],[9.2271051,45.4681079],[9.2274336,45.4681101],[9.2281858,45.4681134],[9.2283128,45.4681134],[9.2294129,45.4681066],[9.2301153,45.4681165],[9.2311903,45.4681115],[9.2312793,45.4681116],[9.2318016,45.4681051],[9.2324393,45.4681059],[9.2326343,45.4681913],[9.2332681,45.4685018],[9.2340547,45.4687889],[9.234481,45.4689451],[9.2346013,45.4689889],[9.2350957,45.4691695],[9.2354658,45.4693027],[9.2361652,45.4695562],[9.2363887,45.4696035],[9.2365933,45.4696438],[9.2367098,45.4696615],[9.2368479,45.4696663],[9.2376245,45.4697011],[9.2379653,45.4697052],[9.2394385,45.469513],[9.2410735,45.4694129],[9.2414488,45.4694053],[9.2416509,45.4694176],[9.2419249,45.4694492],[9.2420663,45.4694509],[9.2427461,45.4695087],[9.2426463,45.4683305],[9.2438345,45.4682662],[9.2449886,45.4681581],[9.2450705,45.4681504],[9.2451035,45.4681473],[9.2457786,45.4680841],[9.2460718,45.4681337],[9.2462155,45.4681641],[9.2466084,45.468236],[9.2485686,45.4685949],[9.248669,45.4686133],[9.2487562,45.4686293],[9.2487977,45.4688781],[9.248815,45.4693349],[9.2488182,45.4695831],[9.2488119,45.4698037],[9.2488131,45.4698373],[9.248842,45.4706584],[9.248858,45.471201],[9.2489807,45.4712015],[9.2489963,45.4711879],[9.2489868,45.4710372],[9.2490011,45.4709058],[9.2491143,45.4698618],[9.2489443,45.4689322],[9.2489413,45.4687523],[9.2489387,45.4685911],[9.2489375,45.4685201],[9.2489259,45.46777],[9.2489262,45.4677453],[9.2489454,45.467743],[9.2495617,45.4677394],[9.2516514,45.4677272],[9.2517078,45.4677199],[9.2520884,45.4677503],[9.2530524,45.4677717],[9.2530674,45.4672965],[9.2548087,45.4673342],[9.2548923,45.4669241],[9.2553889,45.4668953],[9.2553915,45.4670448],[9.2553538,45.4672653],[9.2552567,45.4680621],[9.2552878,45.4682376],[9.255206,45.4685213],[9.2551283,45.4686655],[9.2550202,45.4688053],[9.2548164,45.4690172],[9.2545807,45.4692248],[9.2545032,45.469405],[9.2544928,45.4695805],[9.2545394,45.4699072],[9.2546811,45.4699123],[9.2558387,45.4699538],[9.2556693,45.4708305],[9.2565294,45.4709376],[9.2584442,45.471176],[9.2587586,45.4695908],[9.2604984,45.4697607],[9.263205,45.4700068],[9.2634078,45.4692218],[9.2672242,45.4695532],[9.2672971,45.4695606],[9.2673312,45.4693738],[9.2670885,45.4690352],[9.2670375,45.4688038],[9.2671039,45.4685372],[9.267061,45.468082],[9.2671653,45.467728],[9.2692385,45.4677606],[9.270296,45.4679596],[9.2715392,45.4680699],[9.2723481,45.4681289],[9.2727291,45.4680938],[9.2727753,45.4681261],[9.2726081,45.4695217],[9.2725992,45.4706898],[9.2725951,45.470778],[9.2725846,45.4725723],[9.272108,45.4724897],[9.2716747,45.4723692],[9.2714409,45.472301],[9.2712726,45.4722777],[9.271153,45.4722759],[9.2699394,45.4723238],[9.2698505,45.4723323],[9.2696037,45.4723561],[9.2683365,45.4725571],[9.2667534,45.4722457],[9.2663782,45.4719482],[9.2615177,45.4714338],[9.2601607,45.4713788],[9.2600587,45.4728327],[9.2604347,45.4735789],[9.2604627,45.4737454],[9.26041,45.4740542],[9.2604097,45.4740561],[9.2604082,45.474065],[9.2603553,45.4752536],[9.2603598,45.475996],[9.2602956,45.4765714],[9.2617639,45.4765443],[9.261396,45.4791421],[9.2618732,45.4792253],[9.2621902,45.4791096],[9.2646037,45.4793306],[9.2646856,45.4806745],[9.2647192,45.4812255],[9.2647661,45.4841081],[9.2593177,45.4841755],[9.2588868,45.484503],[9.2586657,45.4860809],[9.2584987,45.4875417],[9.2584697,45.488156],[9.2582716,45.4897599],[9.2603708,45.4902734],[9.2607389,45.4903634],[9.2611004,45.4904519],[9.2610909,45.490963],[9.2611132,45.491133],[9.261605,45.4948908],[9.2620341,45.4949573],[9.2619368,45.4953581],[9.2613439,45.497147],[9.2613134,45.4972453],[9.2613022,45.4973234],[9.2612647,45.4973948],[9.261243,45.4974439],[9.2610483,45.4979974],[9.2602828,45.4992278],[9.2601561,45.4998672],[9.2601337,45.5002092],[9.2602105,45.5005466],[9.2604971,45.5009465],[9.2609037,45.5017346],[9.2612982,45.5024992],[9.2613367,45.5025738],[9.2612936,45.5032805],[9.2613206,45.5035955],[9.2611659,45.5040459],[9.26102,45.5043252],[9.2610235,45.5044216],[9.2610255,45.5044782],[9.2614051,45.5045494],[9.2621814,45.5046218],[9.2622645,45.5046295],[9.2639023,45.5047822],[9.2674751,45.5052685],[9.2677723,45.505357],[9.2679599,45.5055746],[9.2680682,45.5056141],[9.2684902,45.5055949],[9.2702217,45.5055808],[9.2713915,45.5055485],[9.2716462,45.5055415],[9.2718833,45.5055349],[9.2719488,45.505525],[9.2720143,45.5055027],[9.2720621,45.5054704],[9.2720957,45.505432],[9.2720974,45.5053886],[9.2720689,45.5052623],[9.2717801,45.5040207],[9.2715081,45.502859],[9.2713437,45.5021334],[9.2712714,45.5019227],[9.271245,45.5018397],[9.2731643,45.5018307],[9.2738089,45.5018277],[9.2738909,45.5022745],[9.2754206,45.5022933],[9.2757017,45.5034808],[9.2775649,45.5033007],[9.2781103,45.5051987],[9.2765208,45.5054185],[9.2760157,45.5055233],[9.2757729,45.5056049],[9.2755606,45.5057269],[9.2750219,45.5061557],[9.2747877,45.5063319],[9.2727988,45.506503],[9.2725454,45.5065293],[9.2723483,45.5065555],[9.272088,45.5066326],[9.2718386,45.5068206],[9.2715299,45.5070129],[9.271461,45.5070301],[9.2714617,45.5083276],[9.2713944,45.5088103],[9.2713754,45.5091163],[9.2712553,45.5091706],[9.2700793,45.5089952],[9.2700022,45.5089504],[9.2697769,45.5089419],[9.2687648,45.5087643],[9.2687822,45.5103396],[9.2678586,45.5104406],[9.2671446,45.5104459],[9.2672626,45.5116337],[9.2672636,45.5123364],[9.267206,45.5123524],[9.2670158,45.5124081],[9.2669866,45.5124101],[9.2659206,45.5124954],[9.2632647,45.512618],[9.261979,45.5127152],[9.2595497,45.5122436],[9.2582483,45.5120334],[9.2579088,45.511952],[9.2570729,45.5117517],[9.2566414,45.5116484],[9.2561237,45.5115384],[9.2557577,45.5112642],[9.2542159,45.5100395],[9.2528891,45.5090237],[9.2509641,45.5075509],[9.2493018,45.5062712],[9.2481272,45.5053816],[9.2478548,45.5051752],[9.2470258,45.5045508],[9.2459788,45.5037495],[9.2452499,45.5032057],[9.2448392,45.5028898],[9.2444552,45.5025982],[9.24376,45.5020696],[9.2432968,45.5017127],[9.2424323,45.5010465],[9.2422319,45.5008932],[9.2409784,45.4999343],[9.2403339,45.4994412],[9.2386562,45.4981577],[9.2375784,45.4973332],[9.2369813,45.4968763],[9.2367584,45.4967058],[9.2362733,45.496303],[9.2357458,45.4959024],[9.2355288,45.495747],[9.2352916,45.4955718],[9.2350613,45.4953968],[9.2347947,45.4951819],[9.2345728,45.4950107],[9.2340734,45.4946252],[9.2335368,45.4942174],[9.2332928,45.4940444],[9.2318631,45.4931456],[9.2315064,45.49292],[9.2313213,45.4928223],[9.23113,45.492734],[9.2308564,45.49264],[9.2306155,45.4925754],[9.2304143,45.4925328],[9.2301612,45.4924724],[9.2300087,45.4924349],[9.2297923,45.4923285],[9.2295357,45.4922033],[9.2291844,45.4920863],[9.2285549,45.4919772],[9.226928,45.4916861],[9.2268594,45.491674],[9.2268209,45.4916673],[9.2267749,45.4916584],[9.2267375,45.491651],[9.2267002,45.4916427],[9.2266814,45.491637],[9.2266381,45.4916211],[9.2266298,45.4916172],[9.22658,45.4915939],[9.2265173,45.491562],[9.2264424,45.4915213],[9.2263808,45.491487],[9.226358,45.4914742],[9.2261999,45.4913856],[9.2260163,45.4912852],[9.2256564,45.4910928],[9.2254393,45.4909767],[9.2250058,45.490736],[9.2249105,45.4907019],[9.2248043,45.490644],[9.224679,45.4905757],[9.2245872,45.4905213],[9.224506,45.4904709],[9.2240121,45.4901029],[9.2238274,45.4899622],[9.2236605,45.4898281],[9.2235784,45.4897597],[9.223487,45.4896846],[9.2233729,45.4895858],[9.2233419,45.489559],[9.223194,45.4894305],[9.2231747,45.4894138],[9.2226458,45.4889561],[9.2224991,45.4888255],[9.2223801,45.4887231],[9.2212519,45.487752],[9.2212217,45.4877226],[9.2211506,45.4876581],[9.2210222,45.4875533],[9.2209787,45.4875201],[9.2209281,45.4874841],[9.2208964,45.4874637],[9.2208577,45.4874406],[9.2208329,45.4874263],[9.2208038,45.4874108],[9.2207735,45.4873952],[9.2207408,45.48738],[9.2207067,45.4873648],[9.2206359,45.4873352],[9.2201784,45.4871417],[9.2199307,45.4870321],[9.2197057,45.4869352],[9.219453,45.4868248],[9.2193818,45.4867937],[9.2192545,45.4867381],[9.217862,45.486167],[9.2176957,45.486152],[9.2169828,45.4861314],[9.2165262,45.4861201],[9.2161187,45.4861039],[9.2159726,45.4860981],[9.2147422,45.4859541],[9.2146942,45.4861514],[9.2146649,45.4862721],[9.2146485,45.4863385],[9.2147079,45.4864055],[9.2147961,45.4865082],[9.2149137,45.4866325],[9.2135894,45.4873121],[9.2124387,45.4878932],[9.2123705,45.4878312],[9.2123055,45.4877691],[9.2118851,45.4873676],[9.2117831,45.4872717],[9.2117465,45.4872365],[9.2116806,45.4871748],[9.2114784,45.4869825],[9.2111546,45.4866768],[9.211086,45.4866104],[9.2110223,45.4865477],[9.2106394,45.4861848],[9.2101631,45.4857252],[9.2100939,45.4856584],[9.2099786,45.4855479],[9.2099255,45.485495],[9.2098297,45.4854066],[9.2097133,45.4852958],[9.209662,45.4852485],[9.209638,45.4852254],[9.209436,45.4850318],[9.2093668,45.48497],[9.2093293,45.4849346],[9.2087054,45.4843455],[9.2086431,45.4842855],[9.2086224,45.4842656],[9.2084166,45.4840719],[9.2080177,45.4836961],[9.2079559,45.4836374],[9.2078987,45.4835829],[9.2075256,45.483224],[9.2071889,45.4829074],[9.2067791,45.4825223],[9.2067518,45.4824943],[9.2067444,45.4824871],[9.2066762,45.4824207],[9.206664,45.4824091],[9.2066527,45.482398],[9.206588,45.4823389],[9.2065311,45.4822846],[9.2061625,45.48193],[9.205377,45.4811797],[9.2053248,45.4811345],[9.2052868,45.4810984],[9.2042399,45.4800904],[9.2039669,45.4798323],[9.2039238,45.4797916],[9.2038935,45.4797599],[9.2033283,45.4791723],[9.2031634,45.4790009],[9.203131,45.4789671],[9.203093,45.4789267],[9.2029086,45.4787311],[9.2028788,45.4786993],[9.2028433,45.4786596],[9.2028094,45.4786221],[9.2027505,45.4785567],[9.2026887,45.4784899],[9.20266,45.4784579],[9.2026334,45.4784288],[9.2025755,45.4783683],[9.2022676,45.4780441],[9.2020753,45.4778365],[9.2019862,45.4777404],[9.2016873,45.4774104],[9.201632,45.4773494],[9.2015796,45.4772929],[9.2010267,45.47671],[9.2010114,45.4766935],[9.2009526,45.4766299],[9.2009067,45.4765471]]]]}},{"type":"Feature","properties":{"name":"Municipio 4","boundary":"administrative","admin_level":"10","type":"boundary","osm_id":3953311,"wikidata":"Q4024693"},"geometry":{"type":"MultiPolygon","coordinates":[[[[9.2025537,45.451962],[9.2025963,45.4519419],[9.2026309,45.4519217],[9.2027073,45.4518721],[9.2028024,45.4518095],[9.2030327,45.4516623],[9.2031209,45.4516204],[9.2031342,45.4516123],[9.2032676,45.4515305],[9.20336,45.4514738],[9.2034224,45.4514355],[9.203639,45.4513027],[9.204008,45.4510764],[9.2040792,45.4510328],[9.2042456,45.4509307],[9.2044481,45.4508065],[9.2046643,45.450674],[9.205176,45.4503602],[9.2054804,45.4501735],[9.2059635,45.4498773],[9.2060083,45.4498498],[9.2060217,45.4498416],[9.2060871,45.4498015],[9.2065514,45.4495168],[9.2066644,45.4494475],[9.2067949,45.4493675],[9.2068477,45.4493354],[9.207116,45.449173],[9.2079533,45.4486661],[9.2082318,45.4484975],[9.2083899,45.4484018],[9.2084645,45.4483566],[9.2085605,45.4482979],[9.2086386,45.4482501],[9.2090841,45.4479775],[9.2095766,45.4476313],[9.2097453,45.4475404],[9.2100241,45.4473886],[9.2101764,45.4473058],[9.2105591,45.4470939],[9.2106666,45.4470356],[9.2117338,45.4463872],[9.2125096,45.4458984],[9.2126725,45.4457917],[9.212626,45.4457503],[9.2125745,45.4457038],[9.2123139,45.4454941],[9.2116953,45.4449864],[9.2116227,45.4449427],[9.2115739,45.4449173],[9.211543,45.4449036],[9.2116602,45.4447047],[9.2117841,45.4444651],[9.2118925,45.4442542],[9.2119102,45.4442197],[9.2120075,45.4440308],[9.2123028,45.4434574],[9.2123363,45.4433933],[9.2123689,45.44333],[9.212751,45.4426017],[9.2127787,45.4425469],[9.2128486,45.442403],[9.21312,45.4418291],[9.2134412,45.441374],[9.2135064,45.441241],[9.2137763,45.4409115],[9.2139773,45.4406372],[9.2140401,45.4405541],[9.2140765,45.4405059],[9.2144681,45.4399866],[9.2145193,45.4399189],[9.2151479,45.4390853],[9.2151741,45.4390506],[9.2152267,45.4389809],[9.215554,45.4385469],[9.2155985,45.4384879],[9.2156499,45.4384198],[9.2166153,45.4371399],[9.2167276,45.4369909],[9.2167367,45.4369833],[9.2168133,45.4368756],[9.2169576,45.4369094],[9.2170071,45.4369211],[9.2172139,45.4369641],[9.2172284,45.4369671],[9.2172388,45.4368949],[9.2172484,45.4368729],[9.2175733,45.4361474],[9.2177565,45.4357536],[9.2177824,45.4357258],[9.2183532,45.4351976],[9.2184207,45.4351397],[9.2187576,45.4348508],[9.2191901,45.4344819],[9.2192508,45.4344279],[9.2193206,45.4343755],[9.2201087,45.4337838],[9.2201811,45.4337293],[9.2205436,45.4334568],[9.2211088,45.4330365],[9.2211494,45.4330081],[9.2211806,45.4329863],[9.2220098,45.4324501],[9.2221732,45.4323499],[9.2223667,45.4322491],[9.2226071,45.4321358],[9.2228725,45.4320261],[9.2230295,45.4319612],[9.2234156,45.4318172],[9.2235521,45.4317791],[9.2236451,45.4317533],[9.2237523,45.4317425],[9.2237963,45.4317498],[9.2238546,45.4317401],[9.2239399,45.4317369],[9.2239677,45.4317259],[9.2239971,45.4317172],[9.2240278,45.431711],[9.2240593,45.4317073],[9.2240911,45.4317062],[9.224123,45.4317077],[9.2241954,45.4316508],[9.2242121,45.4316378],[9.2243128,45.4315588],[9.2245765,45.4313828],[9.2246595,45.4313274],[9.2259793,45.4304465],[9.2260326,45.4304088],[9.2260768,45.4303673],[9.2261222,45.4303162],[9.2263118,45.4300432],[9.2263262,45.4300226],[9.2263822,45.4299391],[9.2264663,45.4298303],[9.2265515,45.4297121],[9.2265823,45.429704],[9.2266072,45.4296915],[9.2266185,45.4296832],[9.2266239,45.4296783],[9.2266287,45.4296732],[9.2266336,45.4296671],[9.226638,45.4296604],[9.2266416,45.4296532],[9.2266444,45.4296457],[9.2266462,45.429638],[9.2266468,45.429633],[9.226647,45.4296272],[9.22675,45.4295222],[9.2268449,45.4294224],[9.2268695,45.4293986],[9.2272205,45.4290776],[9.2273402,45.4289682],[9.2273787,45.428933],[9.2277338,45.4286074],[9.2278506,45.4285014],[9.2280878,45.4282653],[9.2280905,45.4282627],[9.2282013,45.4281185],[9.2284927,45.4277398],[9.2286905,45.4275166],[9.2289872,45.4272762],[9.2296958,45.4267014],[9.2299077,45.426518],[9.2301527,45.4263081],[9.2302971,45.4261698],[9.230423,45.4260529],[9.2306272,45.4258763],[9.2309651,45.4255845],[9.231043,45.4255221],[9.2313,45.425298],[9.2314198,45.4251939],[9.2314702,45.4251497],[9.2314808,45.4251413],[9.231512,45.4251166],[9.2327304,45.4241509],[9.2336683,45.4234219],[9.2343906,45.422815],[9.2347367,45.4225468],[9.2351487,45.4222757],[9.2374735,45.4209618],[9.2381738,45.4205676],[9.2383706,45.4204707],[9.2388705,45.4201826],[9.2389369,45.4201468],[9.2389963,45.4201208],[9.2403145,45.4195448],[9.2417633,45.4206719],[9.2425242,45.4212011],[9.2427255,45.4213451],[9.2429201,45.4214328],[9.2430471,45.4215003],[9.2431664,45.4215694],[9.2436746,45.4218525],[9.2440246,45.4220588],[9.2446614,45.4223968],[9.2448217,45.4224818],[9.2453595,45.4227671],[9.2453829,45.4228643],[9.2454957,45.4229216],[9.2456006,45.4229412],[9.2459277,45.4229852],[9.2460756,45.4230222],[9.2461647,45.4230389],[9.2463912,45.4231222],[9.246454,45.4231453],[9.2465885,45.4231948],[9.2467676,45.4232304],[9.2468342,45.4232734],[9.2468268,45.42334],[9.2469139,45.4233668],[9.2470339,45.4233504],[9.2471108,45.4233736],[9.2472389,45.4234525],[9.2474599,45.4234746],[9.248473,45.4234404],[9.2506403,45.4224407],[9.2519598,45.4228761],[9.2533615,45.4232878],[9.2541964,45.4234712],[9.2538894,45.4237024],[9.2534386,45.4241096],[9.2523997,45.4250666],[9.2518167,45.4255668],[9.2525085,45.425928],[9.2527967,45.4260408],[9.2530107,45.4261798],[9.253454,45.4264111],[9.2536357,45.4265103],[9.2536661,45.426557],[9.2539008,45.426862],[9.254001,45.4269662],[9.2548528,45.4274269],[9.2557131,45.4278895],[9.2561848,45.4281854],[9.2567021,45.4284673],[9.2569251,45.4285782],[9.2575031,45.4288757],[9.2575531,45.4288466],[9.258108,45.429182],[9.2585503,45.4294493],[9.2587248,45.4295983],[9.2590231,45.4299667],[9.2592132,45.4301427],[9.2594925,45.4303004],[9.2602749,45.4304483],[9.2607937,45.4308033],[9.2613634,45.4310369],[9.261691,45.4313233],[9.261981,45.4313984],[9.262121,45.4314429],[9.2636541,45.4323342],[9.2637976,45.4325097],[9.26386,45.4325859],[9.2639421,45.4326862],[9.2645233,45.433353],[9.2646092,45.4334465],[9.2649092,45.4338095],[9.265013,45.4339393],[9.2650941,45.4340396],[9.265332,45.4343269],[9.2655824,45.4345922],[9.2655858,45.4345958],[9.2657158,45.4347176],[9.2657938,45.4347528],[9.2659499,45.4348235],[9.266397,45.4350442],[9.2663021,45.4353733],[9.2661197,45.4367389],[9.2661141,45.4368201],[9.2661124,45.4369672],[9.2660999,45.4370967],[9.2660955,45.4372305],[9.2660914,45.4373696],[9.266208,45.4371512],[9.2670063,45.4376156],[9.2668202,45.4389474],[9.2671127,45.4392922],[9.2671094,45.4395449],[9.2669383,45.4398748],[9.266769,45.4400556],[9.2666082,45.4402274],[9.2663436,45.4409542],[9.2662993,45.4415825],[9.2662872,45.4417538],[9.2662712,45.4419812],[9.2663866,45.4423617],[9.2664246,45.442691],[9.2664393,45.4429245],[9.2664406,45.4431997],[9.2664829,45.4435066],[9.2665575,45.4438871],[9.2665985,45.4443391],[9.2666295,45.4446803],[9.2667224,45.445096],[9.2667211,45.4453344],[9.2667844,45.4455417],[9.2668289,45.4457528],[9.2668271,45.4458873],[9.266827,45.4458914],[9.2667791,45.4460319],[9.266548,45.4463781],[9.266509,45.4464647],[9.2664844,45.4466076],[9.2665072,45.4474871],[9.2665742,45.4476094],[9.266981,45.4481845],[9.2673067,45.4489165],[9.2674456,45.4496092],[9.2674358,45.4496974],[9.2674005,45.4498037],[9.2671237,45.4502094],[9.2669963,45.4503321],[9.2668026,45.4504604],[9.2661363,45.4508127],[9.266312,45.4511078],[9.2661615,45.4512036],[9.2661268,45.4512192],[9.2658022,45.4513552],[9.265484,45.4513528],[9.2651925,45.4512255],[9.2651252,45.451408],[9.2648994,45.4517092],[9.2648445,45.4518061],[9.2647908,45.451892],[9.2647532,45.4519521],[9.2647735,45.4520102],[9.2648281,45.4520293],[9.2648779,45.451994],[9.2649006,45.4519683],[9.2649685,45.4519234],[9.2652648,45.4520954],[9.2652243,45.4521723],[9.2651302,45.4521745],[9.2650616,45.4522808],[9.2650568,45.4523403],[9.2650891,45.4524189],[9.2651441,45.4525084],[9.2646599,45.4529893],[9.2646331,45.4531013],[9.2637117,45.4552852],[9.2637211,45.4553556],[9.2637991,45.4555025],[9.2639811,45.4555404],[9.2640503,45.455745],[9.2641231,45.4557864],[9.2646414,45.4557885],[9.2645128,45.4574266],[9.2662328,45.4577585],[9.2662194,45.4577969],[9.2681254,45.4580452],[9.2683256,45.4580576],[9.2694945,45.4581668],[9.2695593,45.4584257],[9.2694048,45.4584325],[9.2693793,45.4588004],[9.2700478,45.4588404],[9.2704142,45.4593898],[9.2703659,45.4597482],[9.2703527,45.459841],[9.2702628,45.4600587],[9.2702364,45.4602411],[9.2702236,45.4604011],[9.2701925,45.4605579],[9.2712704,45.4606481],[9.2718255,45.4607267],[9.2729072,45.4606506],[9.2723359,45.461906],[9.2722636,45.4619989],[9.2721828,45.4622167],[9.2720215,45.4626936],[9.2720191,45.4631287],[9.2719831,45.4632088],[9.2718245,45.4633403],[9.2715336,45.463341],[9.2716441,45.4653943],[9.2715675,45.465625],[9.2714642,45.4658812],[9.2713889,45.4661679],[9.2713508,45.4665231],[9.2713601,45.4669306],[9.272047,45.4669929],[9.2719982,45.4672393],[9.2715797,45.467202],[9.2715392,45.4680699],[9.270296,45.4679596],[9.2692385,45.4677606],[9.2671653,45.467728],[9.267061,45.468082],[9.2671039,45.4685372],[9.2670375,45.4688038],[9.2670885,45.4690352],[9.2673312,45.4693738],[9.2672971,45.4695606],[9.2672242,45.4695532],[9.2634078,45.4692218],[9.263205,45.4700068],[9.2604984,45.4697607],[9.2587586,45.4695908],[9.2584442,45.471176],[9.2565294,45.4709376],[9.2556693,45.4708305],[9.2558387,45.4699538],[9.2546811,45.4699123],[9.2545394,45.4699072],[9.2544928,45.4695805],[9.2545032,45.469405],[9.2545807,45.4692248],[9.2548164,45.4690172],[9.2550202,45.4688053],[9.2551283,45.4686655],[9.255206,45.4685213],[9.2552878,45.4682376],[9.2552567,45.4680621],[9.2553538,45.4672653],[9.2553915,45.4670448],[9.2553889,45.4668953],[9.2548923,45.4669241],[9.2548087,45.4673342],[9.2530674,45.4672965],[9.2530524,45.4677717],[9.2520884,45.4677503],[9.2517078,45.4677199],[9.2516514,45.4677272],[9.2495617,45.4677394],[9.2489454,45.467743],[9.2489262,45.4677453],[9.2489259,45.46777],[9.2489375,45.4685201],[9.2489387,45.4685911],[9.2489413,45.4687523],[9.2489443,45.4689322],[9.2491143,45.4698618],[9.2490011,45.4709058],[9.2489868,45.4710372],[9.2489963,45.4711879],[9.2489807,45.4712015],[9.248858,45.471201],[9.248842,45.4706584],[9.2488131,45.4698373],[9.2488119,45.4698037],[9.2488182,45.4695831],[9.248815,45.4693349],[9.2487977,45.4688781],[9.2487562,45.4686293],[9.248669,45.4686133],[9.2485686,45.4685949],[9.2466084,45.468236],[9.2462155,45.4681641],[9.2460718,45.4681337],[9.2457786,45.4680841],[9.2451035,45.4681473],[9.2450705,45.4681504],[9.2449886,45.4681581],[9.2438345,45.4682662],[9.2426463,45.4683305],[9.2427461,45.4695087],[9.2420663,45.4694509],[9.2419249,45.4694492],[9.2416509,45.4694176],[9.2414488,45.4694053],[9.2410735,45.4694129],[9.2394385,45.469513],[9.2379653,45.4697052],[9.2376245,45.4697011],[9.2368479,45.4696663],[9.2367098,45.4696615],[9.2365933,45.4696438],[9.2363887,45.4696035],[9.2361652,45.4695562],[9.2354658,45.4693027],[9.2350957,45.4691695],[9.2346013,45.4689889],[9.234481,45.4689451],[9.2340547,45.4687889],[9.2332681,45.4685018],[9.2326343,45.4681913],[9.2324393,45.4681059],[9.2318016,45.4681051],[9.2312793,45.4681116],[9.2311903,45.4681115],[9.2301153,45.4681165],[9.2294129,45.4681066],[9.2283128,45.4681134],[9.2281858,45.4681134],[9.2274336,45.4681101],[9.2271051,45.4681079],[9.2266557,45.4681006],[9.2248869,45.468085],[9.2238037,45.4680538],[9.2225401,45.4680094],[9.2214223,45.4680013],[9.2206107,45.4679945],[9.2197132,45.4679842],[9.2183548,45.4679718],[9.2173357,45.4679779],[9.2159683,45.4679718],[9.2150571,45.4679587],[9.2133225,45.4679245],[9.2117467,45.4679332],[9.2101759,45.4679129],[9.2098598,45.4679014],[9.2086789,45.4678757],[9.2072366,45.4678679],[9.2070352,45.4678673],[9.207056,45.467669],[9.2072015,45.4665558],[9.2072089,45.4664713],[9.2073065,45.4654045],[9.2073239,45.4652147],[9.2073874,45.4643424],[9.2074468,45.4634766],[9.2074479,45.4633729],[9.2074593,45.4633307],[9.2074658,45.4633077],[9.2074716,45.4632875],[9.2074783,45.4632607],[9.207484,45.4632315],[9.2074899,45.4632009],[9.2074945,45.4631706],[9.2075353,45.4628002],[9.2075437,45.4626806],[9.207547,45.4626432],[9.2075706,45.4624025],[9.2075758,45.4623481],[9.2075916,45.4621815],[9.2075966,45.4621317],[9.2076035,45.4620668],[9.2076074,45.462023],[9.2076193,45.4619064],[9.2076787,45.4612751],[9.2076919,45.4609264],[9.2077167,45.4608538],[9.2077198,45.4607544],[9.207727,45.4606315],[9.2077226,45.4605941],[9.2077192,45.4605315],[9.2077134,45.460485],[9.2076944,45.4604435],[9.2076646,45.4603932],[9.2073076,45.4599419],[9.2072268,45.4598471],[9.207156,45.4597588],[9.2070929,45.459692],[9.2063036,45.4587004],[9.2059823,45.4582968],[9.2059025,45.4581864],[9.2058367,45.4580829],[9.2058081,45.4580377],[9.2057372,45.4579186],[9.2057311,45.4579082],[9.2056909,45.4578445],[9.2056839,45.4578307],[9.2056757,45.457817],[9.2056579,45.4577837],[9.2056243,45.4577218],[9.205537,45.4575421],[9.2050159,45.4566125],[9.2048534,45.4563227],[9.2042767,45.4552573],[9.2042164,45.4551297],[9.20373,45.4542349],[9.2034639,45.4537432],[9.2029053,45.4526358],[9.2026574,45.4521116],[9.2025537,45.451962]]]]}},{"type":"Feature","properties":{"name":"Municipio 5","boundary":"administrative","admin_level":"10","type":"boundary","osm_id":3953380,"wikidata":"Q2648246"},"geometry":{"type":"MultiPolygon","coordinates":[[[[9.1526563,45.4152095],[9.1532187,45.4153421],[9.1541021,45.415646],[9.1545332,45.4161371],[9.1546705,45.4157623],[9.1550515,45.4147225],[9.1552539,45.4144874],[9.1555309,45.4136821],[9.1555752,45.4131024],[9.1555006,45.4125862],[9.1558318,45.412508],[9.1571504,45.4123964],[9.1573752,45.4123637],[9.1573626,45.412243],[9.1574074,45.4121217],[9.1584275,45.4093595],[9.1584832,45.4082756],[9.1588243,45.4081803],[9.1589088,45.4081567],[9.1591498,45.4080893],[9.1568609,45.4040437],[9.1570676,45.4038744],[9.1572207,45.4037347],[9.1579603,45.4030595],[9.1580046,45.4030048],[9.1580235,45.4029701],[9.1578239,45.4028301],[9.1577287,45.4027813],[9.1573015,45.4025522],[9.1561305,45.4018058],[9.1560637,45.4016897],[9.1563771,45.4014968],[9.1565393,45.4014034],[9.1568843,45.401211],[9.1569413,45.4011605],[9.1570241,45.4011816],[9.1578092,45.4013819],[9.1583699,45.401525],[9.1586004,45.4016884],[9.1582459,45.4023557],[9.1581204,45.4025877],[9.1582796,45.4026189],[9.1586105,45.4026837],[9.1598027,45.4029171],[9.1600087,45.4029508],[9.1606623,45.4030576],[9.1623357,45.4032152],[9.1629776,45.403398],[9.1640526,45.4030975],[9.1641346,45.4031658],[9.1641835,45.4032864],[9.1640533,45.4033424],[9.1640511,45.403436],[9.1642478,45.4034447],[9.1643553,45.4035526],[9.1645264,45.4034371],[9.1649985,45.4032204],[9.1651568,45.403159],[9.1653125,45.4031083],[9.1654274,45.4030776],[9.1656573,45.4030628],[9.1656673,45.402971],[9.1659824,45.4023585],[9.1663422,45.4021959],[9.1653147,45.40061],[9.1654806,45.4005437],[9.1657189,45.4004817],[9.1668024,45.4001544],[9.1666322,45.4006112],[9.1665815,45.4010328],[9.1667361,45.4010712],[9.1669508,45.4011177],[9.1673061,45.4012231],[9.1674281,45.4012709],[9.1676758,45.4013774],[9.1677869,45.4015261],[9.1682715,45.4022238],[9.1698646,45.4027011],[9.1700238,45.4027548],[9.170646,45.4028934],[9.1707841,45.4027277],[9.1705671,45.4007975],[9.172405,45.4007873],[9.1731539,45.4007845],[9.1733957,45.4007848],[9.1736234,45.4007704],[9.1736092,45.4006612],[9.1735085,45.3998853],[9.1734838,45.399695],[9.1734647,45.3995352],[9.1734075,45.3990553],[9.1733969,45.3989667],[9.173354,45.3986067],[9.1733238,45.3983534],[9.1733108,45.3982356],[9.173261,45.3977861],[9.1729856,45.3954282],[9.1729744,45.3953166],[9.1729075,45.3946474],[9.1729032,45.3946047],[9.1728984,45.3945564],[9.1730325,45.3945474],[9.1730321,45.3945225],[9.1730474,45.3945099],[9.1731087,45.3945008],[9.1731677,45.3944998],[9.1732467,45.3945006],[9.1734036,45.3944631],[9.1736028,45.3944172],[9.1739566,45.3943662],[9.1743038,45.3942667],[9.1744877,45.3942358],[9.1745668,45.3942141],[9.1747431,45.3942066],[9.174812,45.3941849],[9.1749192,45.3941325],[9.1756776,45.3939982],[9.1757875,45.3939908],[9.1765714,45.3938221],[9.1768393,45.3937317],[9.1769926,45.3937063],[9.1771406,45.3936611],[9.1773219,45.3936302],[9.1775008,45.3936317],[9.1775698,45.3936424],[9.178729,45.3933742],[9.179107,45.393334],[9.1792424,45.3933356],[9.1793656,45.3933184],[9.1797374,45.3931151],[9.1798063,45.3930898],[9.1802173,45.3929596],[9.1804647,45.3928296],[9.1810649,45.3925607],[9.1824395,45.3919389],[9.1825439,45.3918398],[9.1823899,45.3916023],[9.1822277,45.3912318],[9.1820831,45.3907622],[9.1824835,45.3905563],[9.1828412,45.3905323],[9.1837324,45.3904121],[9.184039,45.3903846],[9.1841896,45.3903501],[9.184455,45.3902435],[9.1847017,45.3901712],[9.1856087,45.389896],[9.185647,45.3899085],[9.1858493,45.390063],[9.1860591,45.3901508],[9.1861053,45.3901886],[9.1860491,45.3902229],[9.1859957,45.3902752],[9.186035,45.390459],[9.1861355,45.390833],[9.1861714,45.3908906],[9.186213,45.3911137],[9.1862933,45.3914233],[9.1863855,45.3914987],[9.1864468,45.3914986],[9.1865231,45.3913779],[9.1865842,45.3913256],[9.1868036,45.3912262],[9.1868185,45.3910965],[9.1868719,45.3910064],[9.1869509,45.3909559],[9.1869766,45.3909567],[9.1869842,45.3909811],[9.1869667,45.3910945],[9.1869873,45.3911538],[9.1870232,45.3911772],[9.1870845,45.3911771],[9.1872019,45.3911445],[9.1872658,45.3911372],[9.187317,45.3911695],[9.1874807,45.3912305],[9.1877466,45.3913039],[9.1878823,45.3913775],[9.1879669,45.3914709],[9.1880873,45.3915535],[9.1883559,45.3916521],[9.188653,45.3918677],[9.1894823,45.3923092],[9.1896206,45.3924115],[9.189695,45.3925032],[9.1899538,45.3927116],[9.1901224,45.3927005],[9.1901605,45.392641],[9.1901626,45.3925078],[9.1902137,45.3924987],[9.1902958,45.3926066],[9.1903048,45.3927763],[9.190391,45.3927634],[9.1903954,45.3926865],[9.1903951,45.3926002],[9.1904766,45.392552],[9.1905496,45.3926415],[9.190605,45.3926223],[9.1906175,45.3925711],[9.1906901,45.3925677],[9.190763,45.3926188],[9.1908249,45.3926759],[9.1908888,45.392674],[9.1910189,45.3926],[9.1911332,45.392409],[9.1911403,45.3922469],[9.190999,45.3920006],[9.1910012,45.391925],[9.191263,45.3915231],[9.1913027,45.3914039],[9.1913044,45.391183],[9.1912967,45.3908803],[9.1912454,45.39083],[9.1913499,45.3907453],[9.1906221,45.3901037],[9.1907976,45.389846],[9.1908852,45.3893292],[9.1909376,45.3889583],[9.1907788,45.3888217],[9.1907863,45.3887713],[9.1909845,45.3884577],[9.1917116,45.3888976],[9.191742,45.3888219],[9.1917212,45.3887284],[9.1916491,45.3885754],[9.1916334,45.388462],[9.1916561,45.388372],[9.1919335,45.3880493],[9.1920303,45.3879843],[9.1921044,45.3879626],[9.1923777,45.3879423],[9.1924312,45.3879242],[9.1924771,45.3878828],[9.1924148,45.3875913],[9.1924832,45.3874039],[9.1924496,45.3873193],[9.1923399,45.3873519],[9.1922563,45.3874252],[9.1922657,45.3873034],[9.1925054,45.3871734],[9.1925658,45.3869123],[9.1926593,45.3867381],[9.1936308,45.3868917],[9.1944363,45.387019],[9.1945796,45.3870871],[9.1955356,45.3872385],[9.1967531,45.3876649],[9.1968963,45.3876898],[9.1983336,45.3888449],[9.1984642,45.3889275],[9.1986364,45.3892062],[9.1987696,45.389305],[9.1988796,45.3893462],[9.2000247,45.3895188],[9.2001354,45.3897473],[9.2006771,45.3904628],[9.2008312,45.3906984],[9.2011645,45.3910308],[9.2014153,45.3912381],[9.2018026,45.3915877],[9.2018258,45.3916561],[9.2016653,45.3924755],[9.2011189,45.3933226],[9.2008722,45.3936237],[9.2000448,45.3944964],[9.1997539,45.3945959],[9.1996699,45.3947059],[9.1999446,45.3957837],[9.2001433,45.3963886],[9.2003171,45.3970757],[9.2004508,45.3972969],[9.2003391,45.3974987],[9.2004825,45.3975867],[9.20084,45.3975608],[9.2009729,45.3975732],[9.2011265,45.3976179],[9.2013488,45.3976104],[9.2015418,45.3974892],[9.2016625,45.3974531],[9.2017725,45.3974962],[9.2018789,45.3976261],[9.2033928,45.3975383],[9.2033253,45.3965465],[9.2034821,45.396089],[9.2037144,45.3960472],[9.2037959,45.3959768],[9.2038981,45.3959748],[9.2038394,45.3958072],[9.2037844,45.3956114],[9.2050918,45.3932273],[9.2052219,45.3931875],[9.2057769,45.3933198],[9.2058253,45.3933197],[9.2058815,45.3932908],[9.2059805,45.3931087],[9.2060416,45.3930726],[9.2061106,45.3930725],[9.2062539,45.393137],[9.2064328,45.3931277],[9.2065781,45.3930554],[9.2067646,45.3930425],[9.2069788,45.3929179],[9.2074452,45.3926056],[9.2091235,45.3929994],[9.2091058,45.3930986],[9.2088774,45.3939885],[9.2087969,45.3940145],[9.2088637,45.394108],[9.2088998,45.3942141],[9.2086348,45.395915],[9.209224,45.3968482],[9.2104185,45.397007],[9.2104356,45.3970089],[9.2105053,45.3967231],[9.2106049,45.3967379],[9.2106892,45.3967636],[9.2113437,45.3968469],[9.213428,45.3971366],[9.2149796,45.3973071],[9.2151621,45.3968006],[9.2188467,45.3974684],[9.2185083,45.3978561],[9.2183885,45.3979409],[9.2183433,45.3981282],[9.2178927,45.398581],[9.2176867,45.3988262],[9.2169458,45.399544],[9.2168341,45.3997279],[9.2167485,45.4000665],[9.2168158,45.400304],[9.2166491,45.4007741],[9.2164193,45.4015361],[9.2164823,45.4030213],[9.2164638,45.4031544],[9.2169313,45.4043205],[9.2168678,45.4045308],[9.2167604,45.4045292],[9.2167685,45.4046372],[9.2169172,45.4047449],[9.2171525,45.4048147],[9.2172746,45.4049204],[9.2174573,45.4049816],[9.2176111,45.4051091],[9.217834,45.405195],[9.2179951,45.4052919],[9.2181538,45.405352],[9.2183278,45.4054375],[9.218446,45.4055648],[9.2187759,45.4056253],[9.2188349,45.4056864],[9.2187248,45.4058681],[9.2186316,45.4060001],[9.2184186,45.4064038],[9.2181338,45.4068075],[9.2179935,45.4071815],[9.2181638,45.4072827],[9.2197283,45.408052],[9.2201633,45.4081952],[9.220454,45.4083221],[9.2230439,45.4095776],[9.2232591,45.4094751],[9.224095,45.4090751],[9.2250023,45.4084486],[9.225114,45.4083553],[9.225359,45.4081509],[9.2254514,45.4080604],[9.2258431,45.4076767],[9.2260846,45.4074402],[9.2262096,45.4073949],[9.2264087,45.4073459],[9.2265848,45.4072555],[9.2265962,45.4072612],[9.2277217,45.4078239],[9.2278829,45.4078578],[9.2295366,45.4079139],[9.2296577,45.4079424],[9.231152,45.4079539],[9.2312662,45.4079432],[9.231456,45.4078265],[9.2337686,45.4090791],[9.2338913,45.4090699],[9.2339911,45.4091075],[9.2341777,45.4091071],[9.2344368,45.4091887],[9.2347352,45.4091906],[9.234986,45.4092674],[9.2351879,45.4092652],[9.2358429,45.4094367],[9.2362167,45.4096142],[9.2361803,45.4094612],[9.2365429,45.409392],[9.2366969,45.4095196],[9.2370167,45.4096269],[9.2375331,45.4097531],[9.2376432,45.4097102],[9.237799,45.4096685],[9.2382644,45.4094506],[9.2386102,45.4092887],[9.2387528,45.4091678],[9.238979,45.4088793],[9.2392239,45.408751],[9.2393741,45.4086157],[9.2398919,45.4083895],[9.2401449,45.40838],[9.2402371,45.4083636],[9.2404233,45.4083398],[9.2406663,45.4085892],[9.2408812,45.4087021],[9.2414838,45.4089028],[9.2424561,45.4091564],[9.2424694,45.4091629],[9.2426866,45.4092694],[9.2430021,45.4095496],[9.243069,45.4096268],[9.2434949,45.4100129],[9.2434977,45.4100886],[9.2430289,45.410428],[9.242922,45.4105218],[9.2425631,45.4108736],[9.2439419,45.4129265],[9.2465301,45.4121307],[9.2467357,45.4123931],[9.2504908,45.4144677],[9.2506462,45.4145536],[9.2505184,45.4146157],[9.2501241,45.4148322],[9.2499847,45.4148868],[9.2492283,45.4151335],[9.2482627,45.4155176],[9.2479918,45.4156625],[9.2476592,45.4159374],[9.2473963,45.4161219],[9.246935,45.4164062],[9.2468009,45.4165136],[9.2464924,45.4166905],[9.2460257,45.4169014],[9.2457141,45.4170715],[9.2448241,45.4175698],[9.2444245,45.417775],[9.2441723,45.41792],[9.244012,45.4180196],[9.243945,45.4180769],[9.2438268,45.4181499],[9.2436649,45.4182222],[9.2433863,45.4182914],[9.2424767,45.4186397],[9.2407486,45.4193673],[9.2403145,45.4195448],[9.2389963,45.4201208],[9.2389369,45.4201468],[9.2388705,45.4201826],[9.2383706,45.4204707],[9.2381738,45.4205676],[9.2374735,45.4209618],[9.2351487,45.4222757],[9.2347367,45.4225468],[9.2343906,45.422815],[9.2336683,45.4234219],[9.2327304,45.4241509],[9.231512,45.4251166],[9.2314808,45.4251413],[9.2314702,45.4251497],[9.2314198,45.4251939],[9.2313,45.425298],[9.231043,45.4255221],[9.2309651,45.4255845],[9.2306272,45.4258763],[9.230423,45.4260529],[9.2302971,45.4261698],[9.2301527,45.4263081],[9.2299077,45.426518],[9.2296958,45.4267014],[9.2289872,45.4272762],[9.2286905,45.4275166],[9.2284927,45.4277398],[9.2282013,45.4281185],[9.2280905,45.4282627],[9.2280878,45.4282653],[9.2278506,45.4285014],[9.2277338,45.4286074],[9.2273787,45.428933],[9.2273402,45.4289682],[9.2272205,45.4290776],[9.2268695,45.4293986],[9.2268449,45.4294224],[9.22675,45.4295222],[9.226647,45.4296272],[9.2266468,45.429633],[9.2266462,45.429638],[9.2266444,45.4296457],[9.2266416,45.4296532],[9.226638,45.4296604],[9.2266336,45.4296671],[9.2266287,45.4296732],[9.2266239,45.4296783],[9.2266185,45.4296832],[9.2266072,45.4296915],[9.2265823,45.429704],[9.2265515,45.4297121],[9.2264663,45.4298303],[9.2263822,45.4299391],[9.2263262,45.4300226],[9.2263118,45.4300432],[9.2261222,45.4303162],[9.2260768,45.4303673],[9.2260326,45.4304088],[9.2259793,45.4304465],[9.2246595,45.4313274],[9.2245765,45.4313828],[9.2243128,45.4315588],[9.2242121,45.4316378],[9.2241954,45.4316508],[9.224123,45.4317077],[9.2240911,45.4317062],[9.2240593,45.4317073],[9.2240278,45.431711],[9.2239971,45.4317172],[9.2239677,45.4317259],[9.2239399,45.4317369],[9.2238546,45.4317401],[9.2237963,45.4317498],[9.2237523,45.4317425],[9.2236451,45.4317533],[9.2235521,45.4317791],[9.2234156,45.4318172],[9.2230295,45.4319612],[9.2228725,45.4320261],[9.2226071,45.4321358],[9.2223667,45.4322491],[9.2221732,45.4323499],[9.2220098,45.4324501],[9.2211806,45.4329863],[9.2211494,45.4330081],[9.2211088,45.4330365],[9.2205436,45.4334568],[9.2201811,45.4337293],[9.2201087,45.4337838],[9.2193206,45.4343755],[9.2192508,45.4344279],[9.2191901,45.4344819],[9.2187576,45.4348508],[9.2184207,45.4351397],[9.2183532,45.4351976],[9.2177824,45.4357258],[9.2177565,45.4357536],[9.2175733,45.4361474],[9.2172484,45.4368729],[9.2172388,45.4368949],[9.2172284,45.4369671],[9.2172139,45.4369641],[9.2170071,45.4369211],[9.2169576,45.4369094],[9.2168133,45.4368756],[9.2167367,45.4369833],[9.2167276,45.4369909],[9.2166153,45.4371399],[9.2156499,45.4384198],[9.2155985,45.4384879],[9.215554,45.4385469],[9.2152267,45.4389809],[9.2151741,45.4390506],[9.2151479,45.4390853],[9.2145193,45.4399189],[9.2144681,45.4399866],[9.2140765,45.4405059],[9.2140401,45.4405541],[9.2139773,45.4406372],[9.2137763,45.4409115],[9.2135064,45.441241],[9.2134412,45.441374],[9.21312,45.4418291],[9.2128486,45.442403],[9.2127787,45.4425469],[9.212751,45.4426017],[9.2123689,45.44333],[9.2123363,45.4433933],[9.2123028,45.4434574],[9.2120075,45.4440308],[9.2119102,45.4442197],[9.2118925,45.4442542],[9.2117841,45.4444651],[9.2116602,45.4447047],[9.211543,45.4449036],[9.2115739,45.4449173],[9.2116227,45.4449427],[9.2116953,45.4449864],[9.2123139,45.4454941],[9.2125745,45.4457038],[9.212626,45.4457503],[9.2126725,45.4457917],[9.2125096,45.4458984],[9.2117338,45.4463872],[9.2106666,45.4470356],[9.2105591,45.4470939],[9.2101764,45.4473058],[9.2100241,45.4473886],[9.2097453,45.4475404],[9.2095766,45.4476313],[9.2090841,45.4479775],[9.2086386,45.4482501],[9.2085605,45.4482979],[9.2084645,45.4483566],[9.2083899,45.4484018],[9.2082318,45.4484975],[9.2079533,45.4486661],[9.207116,45.449173],[9.2068477,45.4493354],[9.2067949,45.4493675],[9.2066644,45.4494475],[9.2065514,45.4495168],[9.2060871,45.4498015],[9.2060217,45.4498416],[9.2060083,45.4498498],[9.2059635,45.4498773],[9.2054804,45.4501735],[9.205176,45.4503602],[9.2046643,45.450674],[9.2044481,45.4508065],[9.2042456,45.4509307],[9.2040792,45.4510328],[9.204008,45.4510764],[9.203639,45.4513027],[9.2034224,45.4514355],[9.20336,45.4514738],[9.2032676,45.4515305],[9.2031342,45.4516123],[9.2031209,45.4516204],[9.2030327,45.4516623],[9.2028024,45.4518095],[9.2027073,45.4518721],[9.2026309,45.4519217],[9.2025963,45.4519419],[9.2025537,45.451962],[9.20186,45.452381],[9.2018108,45.4523467],[9.2014805,45.4520996],[9.2011977,45.4519671],[9.2007729,45.451909],[9.199927,45.4519769],[9.1986589,45.4520678],[9.1978815,45.452067],[9.1965517,45.4520115],[9.1943623,45.4519944],[9.1941299,45.4519952],[9.1939618,45.4519944],[9.1926973,45.4519703],[9.1909334,45.4519467],[9.1903442,45.4519459],[9.189556,45.4519739],[9.1886004,45.4520473],[9.1876597,45.4521785],[9.1867683,45.4523497],[9.1867404,45.4523541],[9.1860059,45.4524172],[9.1844884,45.452517],[9.1811545,45.4528305],[9.1807375,45.4529232],[9.1802474,45.4530333],[9.1802719,45.4532278],[9.1795567,45.4532424],[9.1794995,45.4532415],[9.1794193,45.4532393],[9.1790948,45.4532348],[9.1786508,45.4532123],[9.1786639,45.453206],[9.1786933,45.4530507],[9.1787014,45.4530161],[9.1787122,45.4529812],[9.1789155,45.4523725],[9.1787689,45.4523588],[9.1784074,45.4523231],[9.1782901,45.452313],[9.1781811,45.4523032],[9.1780553,45.4522925],[9.1781045,45.4522942],[9.177375,45.4491658],[9.1769847,45.4475579],[9.1765985,45.4459352],[9.1764902,45.4455004],[9.1761164,45.4438588],[9.176033,45.4434929],[9.1758931,45.4428752],[9.1758921,45.4428666],[9.1756813,45.4428775],[9.1742592,45.4429427],[9.1728334,45.4430124],[9.1726699,45.4430208],[9.1726092,45.4419482],[9.1726015,45.4418292],[9.1725362,45.4407668],[9.1725363,45.4406979],[9.1725206,45.4403572],[9.1722425,45.4394849],[9.1719523,45.4389267],[9.1711092,45.4376564],[9.1707446,45.4368814],[9.1699518,45.4351965],[9.1693977,45.4343861],[9.1688655,45.43377],[9.168646,45.4335158],[9.1676009,45.4325679],[9.1662475,45.4315805],[9.1655871,45.4311215],[9.1639915,45.429848],[9.1635186,45.429398],[9.1628794,45.4286914],[9.1622658,45.4278677],[9.161123,45.4258913],[9.1591293,45.4224337],[9.157719,45.420918],[9.1559363,45.4190794],[9.1544508,45.417584],[9.154334,45.4174288],[9.1537104,45.4165908],[9.1526563,45.4152095]]]]}},{"type":"Feature","properties":{"name":"Municipio 6","boundary":"administrative","admin_level":"10","type":"boundary","osm_id":3953444,"wikidata":"Q4024695"},"geometry":{"type":"MultiPolygon","coordinates":[[[[9.0999637,45.4486089],[9.1000845,45.4485772],[9.1006623,45.4485282],[9.1008398,45.4484672],[9.1013169,45.4480101],[9.1015127,45.44768],[9.1020425,45.4473698],[9.1022547,45.447299],[9.1026405,45.4473355],[9.1030463,45.4473616],[9.1029371,45.4475479],[9.1036268,45.4478255],[9.1044308,45.4480793],[9.1045252,45.4479441],[9.1054438,45.4482044],[9.1049825,45.4486795],[9.1054731,45.44882],[9.1064787,45.4490998],[9.1069151,45.4499672],[9.1067084,45.4503896],[9.1072307,45.4504907],[9.1074908,45.45053],[9.1078932,45.4504955],[9.1080032,45.4505098],[9.1082003,45.4505708],[9.1085203,45.4507452],[9.1089438,45.4508717],[9.1092681,45.4509686],[9.1094714,45.4510293],[9.1095659,45.4509776],[9.1097352,45.4506007],[9.1104462,45.4506043],[9.1105036,45.4504288],[9.1105975,45.450142],[9.1112857,45.448039],[9.1114644,45.4480649],[9.1119121,45.4470348],[9.1121974,45.4463989],[9.1122825,45.4461824],[9.11271,45.4463004],[9.112814,45.4460475],[9.1130596,45.4460666],[9.1130912,45.4459674],[9.1121501,45.445869],[9.1135056,45.4433553],[9.1151303,45.4437698],[9.1155461,45.4431612],[9.1167436,45.4410357],[9.116854,45.4409358],[9.1169607,45.4408393],[9.1174765,45.4404949],[9.117584,45.4403499],[9.1176415,45.4402723],[9.1188662,45.4391398],[9.1198294,45.4382015],[9.120287,45.4375013],[9.1207357,45.4375122],[9.1207807,45.437437],[9.1207984,45.4374073],[9.1208059,45.4373948],[9.1208356,45.4373452],[9.1212269,45.4367493],[9.1214466,45.4364083],[9.1221277,45.4351775],[9.1219525,45.4350373],[9.1216848,45.4349493],[9.1215311,45.4348727],[9.1213043,45.434762],[9.1212523,45.4346383],[9.1212916,45.4346114],[9.121367,45.4345671],[9.1213749,45.4345805],[9.1214888,45.4345375],[9.121502,45.4345264],[9.1243495,45.4321335],[9.1246659,45.4317541],[9.1265234,45.4302565],[9.1266973,45.4300114],[9.1266832,45.4297453],[9.1267167,45.4286768],[9.1267269,45.4283516],[9.1268028,45.4280293],[9.1276304,45.4265109],[9.1279494,45.4262908],[9.128388,45.4257827],[9.1313705,45.4241681],[9.1314239,45.4241392],[9.1316297,45.4239582],[9.1318809,45.4238005],[9.1320122,45.4236965],[9.1320362,45.4236021],[9.1320679,45.4232494],[9.1322398,45.4213374],[9.1319054,45.4211881],[9.1318592,45.4211161],[9.1319644,45.4207825],[9.131393,45.420717],[9.1310886,45.4208001],[9.1310857,45.4208568],[9.1310629,45.4212998],[9.1310321,45.4214508],[9.1309148,45.4215484],[9.1307892,45.421589],[9.1306757,45.4216214],[9.1306436,45.4216306],[9.1306716,45.4215002],[9.1308112,45.42085],[9.1308637,45.4206055],[9.1304729,45.4205419],[9.1305721,45.4198542],[9.1305932,45.4197075],[9.1306641,45.4194757],[9.1303489,45.4180089],[9.1304746,45.4173585],[9.1302656,45.4172915],[9.1304753,45.4170451],[9.1309269,45.4165895],[9.1311791,45.416293],[9.1313161,45.4161847],[9.1315104,45.4159614],[9.1316984,45.4158603],[9.1319247,45.4157386],[9.1323745,45.4152918],[9.1325423,45.4150974],[9.132938,45.4145363],[9.1331195,45.4144951],[9.1331882,45.4144269],[9.1333121,45.4142708],[9.1330422,45.4138557],[9.1341473,45.4143467],[9.1360723,45.4148014],[9.13694,45.4153009],[9.13728,45.4153833],[9.1376278,45.4154206],[9.1378681,45.4154186],[9.1361272,45.4175053],[9.1385404,45.4178926],[9.1386103,45.4179038],[9.1391674,45.4178635],[9.1393373,45.4172728],[9.1393599,45.416636],[9.1393636,45.4165312],[9.1395465,45.4166536],[9.1399165,45.4169837],[9.1400629,45.4171352],[9.1401497,45.4171351],[9.1413009,45.4174522],[9.1414255,45.4172181],[9.1426023,45.4175785],[9.1428452,45.4176322],[9.1448426,45.4183611],[9.1461532,45.4167765],[9.1470333,45.4161165],[9.147255,45.4158317],[9.1472923,45.4154446],[9.1475902,45.4149835],[9.1479256,45.4142359],[9.1480581,45.4140197],[9.148115,45.413888],[9.1489684,45.4141931],[9.1492641,45.4142008],[9.1495281,45.4141816],[9.1498338,45.4142153],[9.1501778,45.4143445],[9.1506657,45.4147006],[9.1495813,45.4152203],[9.1514917,45.41612],[9.1519783,45.4163338],[9.1526563,45.4152095],[9.1537104,45.4165908],[9.154334,45.4174288],[9.1544508,45.417584],[9.1559363,45.4190794],[9.157719,45.420918],[9.1591293,45.4224337],[9.161123,45.4258913],[9.1622658,45.4278677],[9.1628794,45.4286914],[9.1635186,45.429398],[9.1639915,45.429848],[9.1655871,45.4311215],[9.1662475,45.4315805],[9.1676009,45.4325679],[9.168646,45.4335158],[9.1688655,45.43377],[9.1693977,45.4343861],[9.1699518,45.4351965],[9.1707446,45.4368814],[9.1711092,45.4376564],[9.1719523,45.4389267],[9.1722425,45.4394849],[9.1725206,45.4403572],[9.1725363,45.4406979],[9.1725362,45.4407668],[9.1726015,45.4418292],[9.1726092,45.4419482],[9.1726699,45.4430208],[9.1728334,45.4430124],[9.1742592,45.4429427],[9.1756813,45.4428775],[9.1758921,45.4428666],[9.1758931,45.4428752],[9.176033,45.4434929],[9.1761164,45.4438588],[9.1764902,45.4455004],[9.1765985,45.4459352],[9.1769847,45.4475579],[9.177375,45.4491658],[9.1781045,45.4522942],[9.1780553,45.4522925],[9.1781811,45.4523032],[9.1782901,45.452313],[9.1784074,45.4523231],[9.1787689,45.4523588],[9.1789155,45.4523725],[9.1787122,45.4529812],[9.1787014,45.4530161],[9.1775019,45.4529324],[9.1774326,45.4529381],[9.1773586,45.4529531],[9.1773001,45.4529722],[9.1772448,45.4529984],[9.1771857,45.4530367],[9.1766473,45.4534589],[9.1758567,45.4540951],[9.1756714,45.4542352],[9.1752476,45.4545618],[9.1748715,45.4548516],[9.1742322,45.4553191],[9.1734837,45.4558247],[9.1727276,45.4563083],[9.1723673,45.4560255],[9.171819,45.4556605],[9.1717497,45.4556165],[9.1717351,45.4556075],[9.1716444,45.4556668],[9.1707066,45.4562827],[9.170621,45.456342],[9.170543,45.4563945],[9.1696042,45.4570073],[9.1694821,45.4570899],[9.1694703,45.4570972],[9.1692863,45.4572117],[9.169117,45.4573276],[9.1689976,45.4574094],[9.1688619,45.4575023],[9.1687612,45.4575663],[9.1687119,45.4575982],[9.1686878,45.4576137],[9.1674951,45.4583962],[9.1674047,45.4584578],[9.1660941,45.4593172],[9.1659252,45.4594297],[9.1658993,45.4594477],[9.1658171,45.4595046],[9.1657099,45.4594165],[9.165608,45.4593601],[9.1654695,45.4593087],[9.1640821,45.4588615],[9.163888,45.4588978],[9.1636978,45.4587598],[9.1635605,45.4587157],[9.1627664,45.4584472],[9.1626688,45.4584191],[9.1626052,45.4583974],[9.1624804,45.4583548],[9.1623913,45.458325],[9.1623159,45.4583006],[9.1614089,45.4580074],[9.1612844,45.4579674],[9.1611709,45.4579292],[9.1610978,45.457907],[9.1610616,45.4578961],[9.1609416,45.4578602],[9.1608758,45.4578388],[9.1607688,45.457804],[9.1600193,45.4575602],[9.1599512,45.4575381],[9.1598569,45.4575075],[9.159089,45.4572578],[9.1589742,45.4572205],[9.1589086,45.4571993],[9.1587935,45.4571627],[9.1585358,45.4570806],[9.1581613,45.4569613],[9.1580075,45.456909],[9.1572969,45.45668],[9.1572678,45.4566705],[9.1571843,45.4566434],[9.1571114,45.4567526],[9.1571021,45.4567654],[9.1564314,45.4577613],[9.1563856,45.4578293],[9.1563604,45.4578667],[9.15633,45.4579119],[9.156099,45.4581207],[9.1558695,45.458303],[9.1558067,45.4583415],[9.1557756,45.4583605],[9.1551559,45.4587431],[9.1549616,45.4588748],[9.1548732,45.4589223],[9.1547891,45.4589549],[9.1544237,45.4588996],[9.1532656,45.4589305],[9.1531701,45.4589346],[9.1530621,45.4589359],[9.1517998,45.4589892],[9.1513444,45.4590007],[9.1512952,45.4589954],[9.1509678,45.459017],[9.1509384,45.4590211],[9.1506451,45.4590538],[9.150556,45.4590679],[9.1503607,45.4590346],[9.1489001,45.4593208],[9.1471419,45.4596323],[9.1459437,45.4598446],[9.143695,45.4602517],[9.1430907,45.4603575],[9.1416179,45.4606466],[9.1397413,45.4609212],[9.1381451,45.4612134],[9.1375717,45.4613391],[9.1373053,45.4614164],[9.1370798,45.4615048],[9.1367182,45.4616075],[9.1360586,45.461822],[9.1359284,45.4618668],[9.1352778,45.462112],[9.1349985,45.4622173],[9.1348666,45.4621795],[9.1348135,45.4621634],[9.134199,45.4619981],[9.1338493,45.461904],[9.1337543,45.4618828],[9.1336938,45.461869],[9.1333862,45.4617883],[9.1330026,45.4616899],[9.132935,45.4616706],[9.1328523,45.461649],[9.1312916,45.4612417],[9.1312496,45.4612308],[9.1303742,45.4610035],[9.129276,45.4607191],[9.1292208,45.4607048],[9.1291865,45.460695],[9.129151,45.4606858],[9.1290667,45.4606609],[9.1289327,45.4609461],[9.1288842,45.4610328],[9.1288787,45.4610436],[9.1288528,45.461119],[9.1288113,45.4611059],[9.1287767,45.4610971],[9.1287475,45.4610884],[9.1287071,45.4610773],[9.1283442,45.460978],[9.1281673,45.4609288],[9.127657,45.4607883],[9.1274255,45.4607246],[9.1270512,45.4606178],[9.1266987,45.4605172],[9.1266594,45.460506],[9.1253084,45.460156],[9.1253124,45.4601493],[9.1261339,45.4587898],[9.1261556,45.4587531],[9.1261765,45.4587189],[9.1262069,45.458669],[9.1262315,45.4586286],[9.1256065,45.458469],[9.1246682,45.458222],[9.1241791,45.4580933],[9.1231894,45.4578314],[9.122334,45.457607],[9.1221577,45.4575607],[9.1214705,45.4573805],[9.1214166,45.4573669],[9.1212576,45.4573266],[9.1208519,45.4572204],[9.1206438,45.4571692],[9.1206213,45.4571621],[9.1203766,45.4570995],[9.1198462,45.4569605],[9.1194101,45.4568447],[9.118841,45.4566977],[9.118446,45.4565951],[9.1182542,45.4565452],[9.1181674,45.4565227],[9.1177731,45.4564188],[9.1174383,45.4563306],[9.1174019,45.4563209],[9.1172765,45.456286],[9.1169059,45.4561904],[9.1165112,45.4560888],[9.1163401,45.4560442],[9.1161659,45.4559994],[9.1149696,45.4556759],[9.1148493,45.4556481],[9.1123334,45.4551416],[9.1116384,45.454999],[9.1115771,45.4549848],[9.1111719,45.4549076],[9.1105174,45.4547758],[9.1087083,45.4544429],[9.1073082,45.4541855],[9.1054388,45.4538041],[9.1047867,45.4535243],[9.1030884,45.4526053],[9.1020384,45.4520746],[9.1009763,45.4517296],[9.0998645,45.4515782],[9.0995777,45.4515774],[9.0987292,45.4515873],[9.0995894,45.4492399],[9.0999637,45.4486089]]]]}},{"type":"Feature","properties":{"name":"Municipio 7","boundary":"administrative","admin_level":"10","type":"boundary","osm_id":3953572,"wikidata":"Q2647784"},"geometry":{"type":"MultiPolygon","coordinates":[[[[9.042974,45.4636887],[9.0447474,45.459948],[9.0460172,45.4603301],[9.0473622,45.4582477],[9.0470816,45.4580253],[9.0490631,45.4550271],[9.0483068,45.4549329],[9.0499352,45.4524074],[9.0496634,45.4523611],[9.0494076,45.4523176],[9.0494177,45.4523024],[9.0500398,45.4513677],[9.0503673,45.4511291],[9.0502425,45.4510931],[9.0499021,45.4511023],[9.0490723,45.4509496],[9.0451583,45.4493948],[9.0451338,45.4493851],[9.043701,45.4487646],[9.0437808,45.448607],[9.0410499,45.4476404],[9.0409475,45.447555],[9.0408867,45.447447],[9.0409313,45.4472714],[9.0412953,45.4466862],[9.0415541,45.4464971],[9.0416916,45.4464566],[9.0432979,45.4463254],[9.0457096,45.4459599],[9.0470009,45.4456534],[9.0483993,45.4454187],[9.0541385,45.444714],[9.0548957,45.4427109],[9.0549386,45.4424273],[9.0543131,45.4402314],[9.0542328,45.4397994],[9.0551238,45.4400468],[9.0552286,45.4399747],[9.0552439,45.4398739],[9.0552822,45.4397749],[9.0555068,45.4394219],[9.0555706,45.4392653],[9.0557338,45.4389196],[9.0562419,45.4380786],[9.057669,45.4383888],[9.0579092,45.4381336],[9.0587805,45.4374347],[9.0590129,45.4372042],[9.0607928,45.435025],[9.0611082,45.4348704],[9.0610437,45.4343924],[9.063184,45.4354251],[9.0639477,45.4346236],[9.0635252,45.4341216],[9.0635634,45.4339326],[9.0641023,45.4333795],[9.0643884,45.4332084],[9.064693,45.4334711],[9.0655458,45.4345993],[9.0657098,45.4349106],[9.0660169,45.4352417],[9.0663474,45.4357402],[9.06925,45.4336591],[9.0705394,45.4345279],[9.0709458,45.4344791],[9.0722179,45.4341173],[9.0726839,45.4339847],[9.0728346,45.433855],[9.0733211,45.4343731],[9.0737842,45.4346447],[9.0741237,45.4347575],[9.0746899,45.4350636],[9.075435,45.4356482],[9.0760898,45.4359861],[9.0765534,45.4365313],[9.0768059,45.4367019],[9.0768785,45.4368335],[9.0769555,45.4370621],[9.0771783,45.4372348],[9.0773523,45.4373157],[9.0778486,45.4375115],[9.0779817,45.4376159],[9.0782171,45.4377399],[9.0784019,45.4377801],[9.0786642,45.4379574],[9.078881,45.4380253],[9.0792577,45.4383584],[9.0793509,45.4384214],[9.0789167,45.438834],[9.0769783,45.4406805],[9.0754439,45.4425196],[9.0781974,45.4438408],[9.0782945,45.4438515],[9.0784124,45.4440063],[9.0784869,45.4442367],[9.07817,45.4443539],[9.077876,45.4444334],[9.0777048,45.4445181],[9.0777407,45.4446369],[9.0778736,45.4446368],[9.0783931,45.4448146],[9.0784599,45.4450162],[9.0777796,45.4450527],[9.0777005,45.4451986],[9.0779308,45.4452974],[9.0780079,45.4454936],[9.0779262,45.4456215],[9.0778011,45.4457979],[9.0776732,45.4458016],[9.0775711,45.4459349],[9.077671,45.4460213],[9.077661,45.4462571],[9.0777177,45.4465018],[9.0774314,45.4466605],[9.0770991,45.4468065],[9.0768589,45.4468949],[9.0767747,45.4470353],[9.076803,45.4471506],[9.0766242,45.4473631],[9.0765912,45.4475521],[9.0766503,45.4477214],[9.0763999,45.4479249],[9.0763645,45.4482346],[9.0764567,45.4482904],[9.0774452,45.4492906],[9.077893,45.4493695],[9.0767291,45.4511939],[9.0766628,45.4512966],[9.0774208,45.4519693],[9.0775735,45.4519347],[9.0776461,45.4521348],[9.0778637,45.4523597],[9.0782063,45.4522532],[9.0783497,45.4522873],[9.0785821,45.4520477],[9.0786714,45.4518947],[9.0789292,45.4515182],[9.0791974,45.4512264],[9.0795986,45.4509795],[9.080405,45.4515856],[9.0814407,45.4510064],[9.0816804,45.4508737],[9.0824866,45.4512223],[9.0825454,45.4511916],[9.0827568,45.4513828],[9.0831224,45.4513939],[9.0833694,45.4514161],[9.0836956,45.4515782],[9.085155,45.4522652],[9.0859305,45.4526303],[9.0864296,45.4528827],[9.0867805,45.4530076],[9.0878175,45.4533588],[9.0884926,45.4532268],[9.089078,45.4530536],[9.0891932,45.4531183],[9.0893568,45.4531146],[9.089454,45.4530533],[9.0895352,45.4530749],[9.0899898,45.453033],[9.0904033,45.4529558],[9.090385,45.4528823],[9.0929773,45.452332],[9.0931203,45.4523945],[9.0934602,45.451979],[9.0943546,45.4511176],[9.0949362,45.4505124],[9.0949129,45.4503684],[9.0951708,45.4501413],[9.0952267,45.4498839],[9.0953107,45.4496948],[9.0956424,45.4492175],[9.0956295,45.4491274],[9.0954424,45.4490037],[9.0957088,45.4488316],[9.0958795,45.4487186],[9.0961146,45.4486266],[9.0969131,45.4489373],[9.0978575,45.4478528],[9.0980521,45.4476964],[9.0982258,45.4475567],[9.0983362,45.447468],[9.0989762,45.4469535],[9.1004197,45.4469607],[9.10103,45.446996],[9.1010391,45.44706],[9.0998962,45.4485851],[9.0999637,45.4486089],[9.0995894,45.4492399],[9.0987292,45.4515873],[9.0995777,45.4515774],[9.0998645,45.4515782],[9.1009763,45.4517296],[9.1020384,45.4520746],[9.1030884,45.4526053],[9.1047867,45.4535243],[9.1054388,45.4538041],[9.1073082,45.4541855],[9.1087083,45.4544429],[9.1105174,45.4547758],[9.1111719,45.4549076],[9.1115771,45.4549848],[9.1116384,45.454999],[9.1123334,45.4551416],[9.1148493,45.4556481],[9.1149696,45.4556759],[9.1161659,45.4559994],[9.1163401,45.4560442],[9.1165112,45.4560888],[9.1169059,45.4561904],[9.1172765,45.456286],[9.1174019,45.4563209],[9.1174383,45.4563306],[9.1177731,45.4564188],[9.1181674,45.4565227],[9.1182542,45.4565452],[9.118446,45.4565951],[9.118841,45.4566977],[9.1194101,45.4568447],[9.1198462,45.4569605],[9.1203766,45.4570995],[9.1206213,45.4571621],[9.1206438,45.4571692],[9.1208519,45.4572204],[9.1212576,45.4573266],[9.1214166,45.4573669],[9.1214705,45.4573805],[9.1221577,45.4575607],[9.122334,45.457607],[9.1231894,45.4578314],[9.1241791,45.4580933],[9.1246682,45.458222],[9.1256065,45.458469],[9.1262315,45.4586286],[9.1262069,45.458669],[9.1261765,45.4587189],[9.1261556,45.4587531],[9.1261339,45.4587898],[9.1253124,45.4601493],[9.1253084,45.460156],[9.1266594,45.460506],[9.1266987,45.4605172],[9.1270512,45.4606178],[9.1274255,45.4607246],[9.127657,45.4607883],[9.1281673,45.4609288],[9.1283442,45.460978],[9.1287071,45.4610773],[9.1287475,45.4610884],[9.1287767,45.4610971],[9.1288113,45.4611059],[9.1288528,45.461119],[9.1288787,45.4610436],[9.1288842,45.4610328],[9.1289327,45.4609461],[9.1290667,45.4606609],[9.129151,45.4606858],[9.1291865,45.460695],[9.1292208,45.4607048],[9.129276,45.4607191],[9.1303742,45.4610035],[9.1312496,45.4612308],[9.1312916,45.4612417],[9.1328523,45.461649],[9.132935,45.4616706],[9.1330026,45.4616899],[9.1333862,45.4617883],[9.1336938,45.461869],[9.1337543,45.4618828],[9.1338493,45.461904],[9.134199,45.4619981],[9.1348135,45.4621634],[9.1348666,45.4621795],[9.1349985,45.4622173],[9.1352778,45.462112],[9.1359284,45.4618668],[9.1360586,45.461822],[9.1367182,45.4616075],[9.1370798,45.4615048],[9.1373053,45.4614164],[9.1375717,45.4613391],[9.1381451,45.4612134],[9.1397413,45.4609212],[9.1416179,45.4606466],[9.1430907,45.4603575],[9.143695,45.4602517],[9.1459437,45.4598446],[9.1471419,45.4596323],[9.1489001,45.4593208],[9.1503607,45.4590346],[9.150556,45.4590679],[9.1506451,45.4590538],[9.1509384,45.4590211],[9.1509678,45.459017],[9.1512952,45.4589954],[9.1513444,45.4590007],[9.1517998,45.4589892],[9.1530621,45.4589359],[9.1531701,45.4589346],[9.1532656,45.4589305],[9.1544237,45.4588996],[9.1547891,45.4589549],[9.1548732,45.4589223],[9.1549616,45.4588748],[9.1551559,45.4587431],[9.1557756,45.4583605],[9.1558067,45.4583415],[9.1558695,45.458303],[9.156099,45.4581207],[9.15633,45.4579119],[9.1563604,45.4578667],[9.1563856,45.4578293],[9.1564314,45.4577613],[9.1571021,45.4567654],[9.1571114,45.4567526],[9.1571843,45.4566434],[9.1572678,45.4566705],[9.1572969,45.45668],[9.1580075,45.456909],[9.1581613,45.4569613],[9.1585358,45.4570806],[9.1587935,45.4571627],[9.1589086,45.4571993],[9.1589742,45.4572205],[9.159089,45.4572578],[9.1598569,45.4575075],[9.1599512,45.4575381],[9.1600193,45.4575602],[9.1607688,45.457804],[9.1608758,45.4578388],[9.1609416,45.4578602],[9.1610616,45.4578961],[9.1610978,45.457907],[9.1611709,45.4579292],[9.1612844,45.4579674],[9.1614089,45.4580074],[9.1623159,45.4583006],[9.1623913,45.458325],[9.1624804,45.4583548],[9.1626052,45.4583974],[9.1626688,45.4584191],[9.1627664,45.4584472],[9.1635605,45.4587157],[9.1636978,45.4587598],[9.163888,45.4588978],[9.1640821,45.4588615],[9.1654695,45.4593087],[9.165608,45.4593601],[9.1657099,45.4594165],[9.1658171,45.4595046],[9.1657373,45.4595516],[9.1657155,45.4595644],[9.1656184,45.4596284],[9.1640824,45.460636],[9.1639988,45.4606915],[9.1639558,45.4607197],[9.1637986,45.460806],[9.1634169,45.4612879],[9.1635079,45.4616291],[9.1635128,45.4616889],[9.16352,45.461731],[9.1635676,45.4619001],[9.1635751,45.4619305],[9.163584,45.4619667],[9.1636219,45.4620886],[9.1636337,45.4621266],[9.1640076,45.4633575],[9.1640525,45.4634658],[9.1640747,45.4635444],[9.1641001,45.4636291],[9.1642438,45.464094],[9.1645952,45.46533],[9.1648061,45.4660152],[9.1648243,45.4660652],[9.1648571,45.4661654],[9.1648591,45.4661717],[9.1648667,45.4661924],[9.1649042,45.466296],[9.1649117,45.4663206],[9.1649711,45.4665163],[9.1650045,45.4666261],[9.1650234,45.4666892],[9.1650758,45.4668561],[9.165091,45.4669057],[9.1647473,45.4669687],[9.1647553,45.4669945],[9.1649288,45.4675667],[9.1649456,45.4676358],[9.1643087,45.4680724],[9.1642715,45.4680835],[9.1642031,45.4680893],[9.1640338,45.4681029],[9.1639358,45.4681098],[9.1637612,45.4681236],[9.1633323,45.4681575],[9.1632673,45.4681615],[9.1630827,45.4681758],[9.1617234,45.4682812],[9.1613242,45.4683141],[9.1611362,45.4683306],[9.1609788,45.4683373],[9.1606213,45.4683701],[9.1605137,45.4683769],[9.1604678,45.4683801],[9.1599847,45.4684134],[9.1598888,45.46842],[9.1586383,45.4684972],[9.1581272,45.468563],[9.1579168,45.4685719],[9.1578327,45.4685754],[9.1577016,45.4686165],[9.1575766,45.4686713],[9.1574476,45.4687937],[9.156767,45.4692917],[9.1560925,45.4698035],[9.1560269,45.4698547],[9.1559888,45.4698846],[9.1558638,45.4699912],[9.1556714,45.4701304],[9.1553625,45.4703741],[9.1550021,45.4706364],[9.1549138,45.4707041],[9.1547893,45.4707996],[9.1546388,45.4709119],[9.1546082,45.4709348],[9.1544477,45.4710545],[9.153718,45.4716162],[9.1536729,45.471651],[9.1536301,45.4716839],[9.1535738,45.4717272],[9.1534865,45.4717944],[9.1534282,45.4718384],[9.1533478,45.4719052],[9.1532141,45.4720006],[9.1525546,45.4725154],[9.1525019,45.4725552],[9.152454,45.4725914],[9.1518836,45.4730219],[9.1515166,45.473299],[9.1512839,45.4734758],[9.1512585,45.4734953],[9.1512366,45.4735121],[9.1511213,45.4736005],[9.1510507,45.473655],[9.1508633,45.4737984],[9.1508327,45.4738204],[9.1507929,45.4738518],[9.1506727,45.4739198],[9.150592,45.4739833],[9.1504655,45.474083],[9.1504278,45.4741116],[9.1504031,45.4741315],[9.1503591,45.4741637],[9.1501175,45.4743469],[9.1497049,45.4746597],[9.1496461,45.4747045],[9.1490419,45.4751623],[9.1489345,45.4752438],[9.1488653,45.4752963],[9.1482598,45.4757729],[9.1482377,45.4757905],[9.1482139,45.4758091],[9.1481555,45.4758536],[9.1480896,45.4759033],[9.1480597,45.4759244],[9.1480238,45.4759505],[9.1476148,45.4762511],[9.1459956,45.4774877],[9.1459505,45.4775223],[9.1458539,45.4775962],[9.1457427,45.4776837],[9.1457096,45.4777069],[9.1446464,45.4785149],[9.1445295,45.4786037],[9.1441718,45.4788755],[9.1441061,45.4789254],[9.1439653,45.479028],[9.1438595,45.4791129],[9.1438258,45.4791385],[9.1437848,45.4791696],[9.1437211,45.479218],[9.1434024,45.4794306],[9.1429482,45.4791368],[9.1429125,45.4791137],[9.142298,45.4795217],[9.1416299,45.4800461],[9.1415685,45.4800611],[9.1415069,45.4800762],[9.1413548,45.480122],[9.1412669,45.480151],[9.1411507,45.4801894],[9.1410139,45.4802609],[9.1408986,45.4803436],[9.1408074,45.4804339],[9.1407564,45.4805242],[9.1407299,45.4806091],[9.1407028,45.4807291],[9.1406575,45.4808742],[9.140591,45.4810834],[9.1405022,45.4813188],[9.1403693,45.481547],[9.1401752,45.4817721],[9.1398221,45.4821044],[9.1396254,45.4822617],[9.1395122,45.4823219],[9.1393546,45.4823826],[9.1383252,45.4826317],[9.1379721,45.4827167],[9.1378367,45.4827493],[9.1376421,45.4827961],[9.1375134,45.4828271],[9.1372668,45.4828878],[9.1369055,45.4829769],[9.1362864,45.4831304],[9.1355354,45.4833198],[9.135203,45.4834047],[9.1347444,45.4835135],[9.1344611,45.4835852],[9.1343402,45.4836158],[9.1341001,45.4836765],[9.1340541,45.4836874],[9.1337314,45.483764],[9.1333717,45.4838518],[9.1330049,45.4839401],[9.1326307,45.4840389],[9.1318813,45.4842183],[9.1315205,45.4843075],[9.1311462,45.4844003],[9.1309325,45.4844476],[9.1307909,45.4844846],[9.1307692,45.4844911],[9.1305635,45.4845428],[9.1300964,45.4846658],[9.129937,45.4847077],[9.1295618,45.4848065],[9.1283668,45.4850901],[9.128017,45.4851731],[9.1278976,45.4852012],[9.1277026,45.4852501],[9.1268525,45.4854634],[9.125753,45.4857418],[9.1254942,45.4857824],[9.1253664,45.4858196],[9.1252747,45.4858607],[9.1252357,45.4858733],[9.1248638,45.4859491],[9.124617,45.4859994],[9.124003,45.4858783],[9.1235031,45.4857982],[9.122349,45.4855968],[9.1211185,45.4853929],[9.1210425,45.4853793],[9.1199501,45.4851942],[9.1196976,45.4851534],[9.1193525,45.4850954],[9.1189097,45.485021],[9.1180911,45.4848875],[9.1180188,45.4848748],[9.1180314,45.484919],[9.118238,45.485497],[9.1185825,45.4866148],[9.1185829,45.4866186],[9.1186022,45.4868565],[9.118573,45.4871212],[9.1184994,45.4873019],[9.1184318,45.4874681],[9.1184073,45.487503],[9.118178,45.4879003],[9.1179401,45.4880705],[9.1176067,45.4882798],[9.1175606,45.4883067],[9.1174332,45.4883811],[9.1167745,45.4887327],[9.1166533,45.4887968],[9.1148534,45.4897495],[9.1147493,45.4898051],[9.1144084,45.4899838],[9.1140299,45.4901823],[9.1137545,45.4903256],[9.1134383,45.4904902],[9.1132474,45.4905905],[9.1129243,45.4907527],[9.1127706,45.4908296],[9.1125861,45.4909124],[9.1125656,45.4909209],[9.1123914,45.4907132],[9.1118246,45.4908825],[9.1111326,45.4909487],[9.1090953,45.4902682],[9.1081366,45.491856],[9.10662,45.4916238],[9.1072311,45.4903808],[9.1062271,45.4901621],[9.1032883,45.4894684],[9.1029542,45.4893895],[9.1031061,45.4888145],[9.1015243,45.4884531],[9.1014161,45.4884366],[9.101387,45.4884322],[9.1013253,45.4884204],[9.1012593,45.4884078],[9.1003113,45.4880428],[9.1001668,45.4879576],[9.0983073,45.487258],[9.0977368,45.4871437],[9.097698,45.4871359],[9.0974215,45.4872263],[9.0967537,45.4870268],[9.0959077,45.4868297],[9.0944673,45.4865191],[9.0943201,45.4867783],[9.0936782,45.4875775],[9.0929576,45.4882719],[9.0920506,45.4889178],[9.0846592,45.493731],[9.0823126,45.4952615],[9.0815855,45.4956939],[9.0809698,45.4959754],[9.0802688,45.4962573],[9.0794499,45.496476],[9.0789759,45.4965758],[9.0786569,45.4969784],[9.0786543,45.497031],[9.078612,45.4973743],[9.0779501,45.4974963],[9.0767367,45.4977223],[9.0764038,45.4978001],[9.0759168,45.4979348],[9.0750592,45.4979205],[9.0746818,45.4980455],[9.0750189,45.4984421],[9.0751557,45.4986435],[9.0751832,45.4988035],[9.0751563,45.4990819],[9.0750203,45.4993972],[9.0748446,45.4997353],[9.0743309,45.5007237],[9.0739347,45.5016096],[9.0731059,45.5031205],[9.072339,45.5045187],[9.0720978,45.5052715],[9.0733766,45.5055042],[9.0733814,45.505693],[9.0733052,45.5058382],[9.0732687,45.50588],[9.0731346,45.506034],[9.0729724,45.5060804],[9.0727721,45.5060677],[9.0724626,45.5059911],[9.0721123,45.5059913],[9.0716708,45.505886],[9.0714344,45.5058154],[9.0708429,45.5058067],[9.0705281,45.5058429],[9.0701388,45.5057928],[9.0690787,45.5055864],[9.0685587,45.5052896],[9.0683802,45.505183],[9.0681865,45.5051353],[9.0673744,45.5049352],[9.0666137,45.5050649],[9.0658277,45.5051989],[9.064785,45.5045911],[9.0656212,45.5036692],[9.0645896,45.503301],[9.0618889,45.5023371],[9.0603193,45.5045637],[9.0600377,45.504488],[9.0597841,45.5043423],[9.0596435,45.5044948],[9.0592951,45.5042723],[9.0591794,45.5044566],[9.0583301,45.5044817],[9.0577671,45.5049201],[9.0572606,45.5051608],[9.0569687,45.5050872],[9.0569228,45.505161],[9.0566594,45.5054438],[9.0552807,45.505204],[9.0538495,45.5048644],[9.0544083,45.5040148],[9.0536598,45.5037656],[9.0541736,45.5029054],[9.0549633,45.5015832],[9.0550482,45.5014304],[9.0554336,45.5007369],[9.0558039,45.499923],[9.0565671,45.4976598],[9.0580697,45.4976771],[9.0581439,45.4976536],[9.058634,45.4962996],[9.0586225,45.4959303],[9.0588492,45.4953715],[9.0589849,45.4950759],[9.0591818,45.4948202],[9.0594254,45.4946265],[9.0599523,45.4942632],[9.0614598,45.4948298],[9.0624582,45.493979],[9.0627649,45.4935917],[9.0633844,45.4930804],[9.0637072,45.4927827],[9.0639155,45.4919444],[9.0624584,45.4918817],[9.0623357,45.4920024],[9.0621669,45.4920763],[9.0620056,45.4921088],[9.0617444,45.4918911],[9.0610632,45.491634],[9.0609249,45.4915423],[9.0613211,45.4909462],[9.0613232,45.4909094],[9.0613551,45.4904835],[9.0614214,45.4902886],[9.0614916,45.4900838],[9.0614399,45.4896249],[9.0614422,45.4890299],[9.0641776,45.488443],[9.0641914,45.488491],[9.064098,45.4885865],[9.063584,45.4890439],[9.0630366,45.4892963],[9.0627557,45.4898185],[9.0628148,45.4900687],[9.0626461,45.4902363],[9.0626001,45.4904181],[9.0639751,45.490377],[9.0639437,45.4902157],[9.0650529,45.4901796],[9.0649213,45.4884282],[9.0665907,45.4885166],[9.0666401,45.4884153],[9.066703,45.4882894],[9.0673168,45.4867318],[9.066793,45.4864354],[9.0664431,45.4863395],[9.0656615,45.4861589],[9.0660824,45.4849508],[9.0660874,45.4848229],[9.0659487,45.484463],[9.065981,45.4836168],[9.0659067,45.4834747],[9.0656872,45.4833316],[9.06574,45.4832407],[9.0657143,45.4831147],[9.0658599,45.4829509],[9.0678572,45.4817994],[9.0690644,45.4811973],[9.0699618,45.4805451],[9.0701103,45.4805702],[9.0702636,45.4804099],[9.0708541,45.4799181],[9.0717641,45.47903],[9.0720553,45.4787059],[9.0722702,45.4786085],[9.0722806,45.4786026],[9.0725054,45.4784751],[9.072715,45.4783094],[9.0731832,45.4782533],[9.0733774,45.4779723],[9.0736688,45.4778461],[9.0738864,45.4778604],[9.0739605,45.4777811],[9.0741294,45.477745],[9.0743236,45.4775631],[9.074582,45.4775323],[9.074697,45.4774638],[9.0750066,45.4774204],[9.0752523,45.4774742],[9.0751268,45.4773069],[9.0752236,45.4769774],[9.0751285,45.4766859],[9.0751411,45.4765725],[9.0755196,45.4764263],[9.075609,45.4762679],[9.0754704,45.475989],[9.0755187,45.4756991],[9.0755957,45.4753753],[9.0755793,45.475096],[9.0753825,45.4748377],[9.0747338,45.4743332],[9.0777629,45.472081],[9.0777321,45.4720398],[9.077686,45.4719784],[9.0775108,45.4720178],[9.0771948,45.472049],[9.077054,45.4720544],[9.0769569,45.4720581],[9.0766268,45.4720133],[9.0764066,45.4719217],[9.0760455,45.4716609],[9.0747307,45.4704897],[9.0742629,45.4703353],[9.0738714,45.4703248],[9.0732318,45.470282],[9.0728839,45.4703272],[9.073427,45.4688327],[9.0734474,45.4687927],[9.0743686,45.4669922],[9.0737851,45.4668576],[9.0740804,45.4666907],[9.0747647,45.4647093],[9.0754598,45.4637131],[9.0755962,45.4636452],[9.0756715,45.4635763],[9.0757053,45.4635454],[9.0757183,45.4634472],[9.0755718,45.4633284],[9.075435,45.4632462],[9.0744135,45.4629444],[9.0741128,45.4628556],[9.0738718,45.4628373],[9.0736877,45.4628609],[9.0732028,45.4631909],[9.0716215,45.4640356],[9.0705945,45.4645842],[9.069821,45.4648009],[9.0695384,45.46488],[9.0692952,45.4648136],[9.0697417,45.4638214],[9.0698642,45.4635675],[9.0703698,45.4628957],[9.0707892,45.4627118],[9.0709552,45.4625641],[9.0715921,45.4623639],[9.0718091,45.4620793],[9.0716399,45.4617806],[9.071759,45.4616069],[9.0717905,45.4615609],[9.071982,45.4614779],[9.0724339,45.4607619],[9.0725768,45.4605324],[9.0732165,45.4604043],[9.0734259,45.4600891],[9.0737813,45.459925],[9.0744559,45.4593683],[9.074573,45.4590868],[9.0744298,45.4590209],[9.0746672,45.4585959],[9.074673,45.4582925],[9.0747199,45.4578416],[9.0746863,45.4575932],[9.0745657,45.4573394],[9.0734298,45.4572322],[9.0725059,45.4570759],[9.0725015,45.4573677],[9.0724821,45.4574957],[9.0724609,45.457636],[9.0724026,45.4580717],[9.0721776,45.4582944],[9.0720066,45.4584806],[9.0717355,45.4584789],[9.0716641,45.4586501],[9.0710987,45.4585909],[9.0704772,45.4586436],[9.0701269,45.458795],[9.0697949,45.4592399],[9.0697011,45.4599222],[9.0697755,45.4601129],[9.0697684,45.4605954],[9.0696791,45.4608151],[9.0696921,45.4609699],[9.0696079,45.4610888],[9.069319,45.4612672],[9.069117,45.4613393],[9.0688389,45.4614109],[9.0683055,45.4617458],[9.0680457,45.4618224],[9.0677439,45.4618964],[9.0674191,45.4619056],[9.0672811,45.4620947],[9.0673914,45.4623197],[9.067371,45.4624133],[9.0672202,45.4624836],[9.0671538,45.4625592],[9.067236,45.4628021],[9.0671797,45.4628887],[9.0669572,45.4628708],[9.0667475,45.4629789],[9.066479,45.463449],[9.066477,45.4634525],[9.0664056,45.4637748],[9.0663212,45.463782],[9.0661856,45.4637119],[9.0616418,45.4628404],[9.0579931,45.4627388],[9.0579394,45.4626956],[9.058338,45.4622976],[9.0583097,45.4622202],[9.0566848,45.4617818],[9.0558148,45.4614744],[9.0555692,45.4614799],[9.0551829,45.4613469],[9.0549679,45.4613632],[9.0547889,45.4613687],[9.054656,45.4615181],[9.053694,45.4613206],[9.0523413,45.4620142],[9.0519703,45.4619712],[9.0515968,45.4618868],[9.0498771,45.464082],[9.0497799,45.4641],[9.0481727,45.4634041],[9.0468394,45.4627529],[9.0463818,45.4632679],[9.0459372,45.4638856],[9.0451275,45.4654377],[9.0447697,45.4660625],[9.0446368,45.4661058],[9.0440252,45.4658629],[9.0438665,45.4657658],[9.0429556,45.4654675],[9.0433226,45.4638308],[9.042974,45.4636887]]]]}},{"type":"Feature","properties":{"name":"Municipio 8 di Milano","boundary":"administrative","admin_level":"10","type":"boundary","osm_id":3953733,"wikidata":"Q9035868"},"geometry":{"type":"MultiPolygon","coordinates":[[[[9.078612,45.4973743],[9.0786543,45.497031],[9.0786569,45.4969784],[9.0789759,45.4965758],[9.0794499,45.496476],[9.0802688,45.4962573],[9.0809698,45.4959754],[9.0815855,45.4956939],[9.0823126,45.4952615],[9.0846592,45.493731],[9.0920506,45.4889178],[9.0929576,45.4882719],[9.0936782,45.4875775],[9.0943201,45.4867783],[9.0944673,45.4865191],[9.0959077,45.4868297],[9.0967537,45.4870268],[9.0974215,45.4872263],[9.097698,45.4871359],[9.0977368,45.4871437],[9.0983073,45.487258],[9.1001668,45.4879576],[9.1003113,45.4880428],[9.1012593,45.4884078],[9.1013253,45.4884204],[9.101387,45.4884322],[9.1014161,45.4884366],[9.1015243,45.4884531],[9.1031061,45.4888145],[9.1029542,45.4893895],[9.1032883,45.4894684],[9.1062271,45.4901621],[9.1072311,45.4903808],[9.10662,45.4916238],[9.1081366,45.491856],[9.1090953,45.4902682],[9.1111326,45.4909487],[9.1118246,45.4908825],[9.1123914,45.4907132],[9.1125656,45.4909209],[9.1125861,45.4909124],[9.1127706,45.4908296],[9.1129243,45.4907527],[9.1132474,45.4905905],[9.1134383,45.4904902],[9.1137545,45.4903256],[9.1140299,45.4901823],[9.1144084,45.4899838],[9.1147493,45.4898051],[9.1148534,45.4897495],[9.1166533,45.4887968],[9.1167745,45.4887327],[9.1174332,45.4883811],[9.1175606,45.4883067],[9.1176067,45.4882798],[9.1179401,45.4880705],[9.118178,45.4879003],[9.1184073,45.487503],[9.1184318,45.4874681],[9.1184994,45.4873019],[9.118573,45.4871212],[9.1186022,45.4868565],[9.1185829,45.4866186],[9.1185825,45.4866148],[9.118238,45.485497],[9.1180314,45.484919],[9.1180188,45.4848748],[9.1180911,45.4848875],[9.1189097,45.485021],[9.1193525,45.4850954],[9.1196976,45.4851534],[9.1199501,45.4851942],[9.1210425,45.4853793],[9.1211185,45.4853929],[9.122349,45.4855968],[9.1235031,45.4857982],[9.124003,45.4858783],[9.124617,45.4859994],[9.1248638,45.4859491],[9.1252357,45.4858733],[9.1252747,45.4858607],[9.1253664,45.4858196],[9.1254942,45.4857824],[9.125753,45.4857418],[9.1268525,45.4854634],[9.1277026,45.4852501],[9.1278976,45.4852012],[9.128017,45.4851731],[9.1283668,45.4850901],[9.1295618,45.4848065],[9.129937,45.4847077],[9.1300964,45.4846658],[9.1305635,45.4845428],[9.1307692,45.4844911],[9.1307909,45.4844846],[9.1309325,45.4844476],[9.1311462,45.4844003],[9.1315205,45.4843075],[9.1318813,45.4842183],[9.1326307,45.4840389],[9.1330049,45.4839401],[9.1333717,45.4838518],[9.1337314,45.483764],[9.1340541,45.4836874],[9.1341001,45.4836765],[9.1343402,45.4836158],[9.1344611,45.4835852],[9.1347444,45.4835135],[9.135203,45.4834047],[9.1355354,45.4833198],[9.1362864,45.4831304],[9.1369055,45.4829769],[9.1372668,45.4828878],[9.1375134,45.4828271],[9.1376421,45.4827961],[9.1378367,45.4827493],[9.1379721,45.4827167],[9.1383252,45.4826317],[9.1393546,45.4823826],[9.1395122,45.4823219],[9.1396254,45.4822617],[9.1398221,45.4821044],[9.1401752,45.4817721],[9.1403693,45.481547],[9.1405022,45.4813188],[9.140591,45.4810834],[9.1406575,45.4808742],[9.1407028,45.4807291],[9.1407299,45.4806091],[9.1407564,45.4805242],[9.1408074,45.4804339],[9.1408986,45.4803436],[9.1410139,45.4802609],[9.1411507,45.4801894],[9.1412669,45.480151],[9.1413548,45.480122],[9.1415069,45.4800762],[9.1415685,45.4800611],[9.1416299,45.4800461],[9.142298,45.4795217],[9.1429125,45.4791137],[9.1429482,45.4791368],[9.1434024,45.4794306],[9.1437211,45.479218],[9.1437848,45.4791696],[9.1438258,45.4791385],[9.1438595,45.4791129],[9.1439653,45.479028],[9.1441061,45.4789254],[9.1441718,45.4788755],[9.1445295,45.4786037],[9.1446464,45.4785149],[9.1457096,45.4777069],[9.1457427,45.4776837],[9.1458539,45.4775962],[9.1459505,45.4775223],[9.1459956,45.4774877],[9.1476148,45.4762511],[9.1480238,45.4759505],[9.1480597,45.4759244],[9.1480896,45.4759033],[9.1481555,45.4758536],[9.1482139,45.4758091],[9.1482377,45.4757905],[9.1482598,45.4757729],[9.1488653,45.4752963],[9.1489345,45.4752438],[9.1490419,45.4751623],[9.1496461,45.4747045],[9.1497049,45.4746597],[9.1501175,45.4743469],[9.1503591,45.4741637],[9.1504031,45.4741315],[9.1504278,45.4741116],[9.1504655,45.474083],[9.150592,45.4739833],[9.1506727,45.4739198],[9.1507929,45.4738518],[9.1508327,45.4738204],[9.1508633,45.4737984],[9.1510507,45.473655],[9.1511213,45.4736005],[9.1512366,45.4735121],[9.1512585,45.4734953],[9.1512839,45.4734758],[9.1515166,45.473299],[9.1518836,45.4730219],[9.152454,45.4725914],[9.1525019,45.4725552],[9.1525546,45.4725154],[9.1532141,45.4720006],[9.1533478,45.4719052],[9.1534282,45.4718384],[9.1534865,45.4717944],[9.1535738,45.4717272],[9.1536301,45.4716839],[9.1536729,45.471651],[9.153718,45.4716162],[9.1544477,45.4710545],[9.1546082,45.4709348],[9.1546388,45.4709119],[9.1547893,45.4707996],[9.1549138,45.4707041],[9.1550021,45.4706364],[9.1553625,45.4703741],[9.1556714,45.4701304],[9.1558638,45.4699912],[9.1559888,45.4698846],[9.1560269,45.4698547],[9.1560925,45.4698035],[9.156767,45.4692917],[9.1574476,45.4687937],[9.1575766,45.4686713],[9.1577016,45.4686165],[9.1578327,45.4685754],[9.1579168,45.4685719],[9.1581272,45.468563],[9.1586383,45.4684972],[9.1598888,45.46842],[9.1599847,45.4684134],[9.1604678,45.4683801],[9.1605137,45.4683769],[9.1606213,45.4683701],[9.1609788,45.4683373],[9.1611362,45.4683306],[9.1613242,45.4683141],[9.1617234,45.4682812],[9.1630827,45.4681758],[9.1632673,45.4681615],[9.1633323,45.4681575],[9.1637612,45.4681236],[9.1639358,45.4681098],[9.1640338,45.4681029],[9.1642031,45.4680893],[9.1642715,45.4680835],[9.1643087,45.4680724],[9.1639614,45.4683519],[9.1627903,45.4692516],[9.1626884,45.46933],[9.1626324,45.4693709],[9.1625839,45.4694063],[9.1618211,45.4700081],[9.1617579,45.4700456],[9.1616487,45.4701104],[9.1616909,45.4701557],[9.1617175,45.47019],[9.1623234,45.4708761],[9.1623796,45.4709397],[9.1630069,45.4716794],[9.163085,45.4717658],[9.1631548,45.4718594],[9.1633012,45.4721724],[9.1638034,45.4732889],[9.1641263,45.4740024],[9.1641674,45.4740829],[9.1643168,45.4744451],[9.1643453,45.4745084],[9.1643725,45.4745576],[9.1643785,45.4745697],[9.1643868,45.4745874],[9.1644072,45.4746303],[9.1644321,45.4746846],[9.1645004,45.4748343],[9.1645261,45.4748907],[9.1645518,45.474947],[9.1645623,45.47497],[9.1649396,45.4757973],[9.1649523,45.4758221],[9.1649659,45.4758424],[9.1649737,45.4758572],[9.1649794,45.4758743],[9.1649826,45.475892],[9.1649831,45.4759096],[9.1649811,45.4759276],[9.1649782,45.4759438],[9.1649792,45.4759602],[9.1649838,45.4759762],[9.1649922,45.4759915],[9.165004,45.4760056],[9.1650188,45.4760182],[9.1650364,45.476029],[9.1650527,45.4760384],[9.1650664,45.4760478],[9.1650761,45.4760586],[9.1650856,45.4760736],[9.1650937,45.4760894],[9.1651003,45.4761056],[9.165105,45.4761237],[9.1651082,45.4761412],[9.1651156,45.4761976],[9.1651198,45.476219],[9.1651267,45.4762474],[9.1651346,45.4762683],[9.1651493,45.4762944],[9.1651635,45.4763132],[9.1651828,45.4763332],[9.1652035,45.4763513],[9.1652265,45.4763685],[9.165245,45.4763851],[9.1652675,45.4764025],[9.1654599,45.4765308],[9.1658771,45.4767969],[9.1660582,45.4769155],[9.1661409,45.476969],[9.1661672,45.4769861],[9.1663619,45.4771132],[9.1664486,45.4771676],[9.1672127,45.4776692],[9.1672743,45.4777106],[9.1673516,45.4777608],[9.1681368,45.4782713],[9.1681951,45.4783092],[9.1682548,45.478348],[9.1683325,45.478399],[9.1683609,45.4784176],[9.1683831,45.4784322],[9.1683912,45.4784375],[9.1684738,45.4784917],[9.1685008,45.4785094],[9.16851,45.4785154],[9.1686119,45.4785823],[9.1687459,45.4786667],[9.1687895,45.4786943],[9.1688668,45.4787441],[9.1688782,45.4787518],[9.1689654,45.478809],[9.1690381,45.4788568],[9.1690834,45.4788868],[9.169893,45.4794208],[9.1699362,45.4794493],[9.1699917,45.4794859],[9.1700843,45.479545],[9.1704607,45.4797855],[9.1712268,45.4802759],[9.1712556,45.4802932],[9.1712964,45.4803192],[9.1713229,45.4803048],[9.1713918,45.4803475],[9.1719085,45.480666],[9.1719566,45.4806957],[9.1719284,45.4807402],[9.1722558,45.4809518],[9.1724759,45.4810914],[9.1725211,45.4811201],[9.1728324,45.4811429],[9.1728526,45.4811444],[9.1730335,45.4811578],[9.1730612,45.4811599],[9.1731044,45.4811631],[9.1738159,45.4812148],[9.1739603,45.4812253],[9.1740397,45.4812312],[9.174657,45.4812769],[9.1747139,45.4812794],[9.1747666,45.4812838],[9.1758062,45.4813696],[9.1758869,45.4813763],[9.1759557,45.4813824],[9.176491,45.48143],[9.1765355,45.4814339],[9.1765573,45.4814357],[9.1771878,45.481488],[9.1772315,45.4814916],[9.1773033,45.4814977],[9.1778122,45.4815407],[9.1778343,45.4815427],[9.1778595,45.4815444],[9.178914,45.4816329],[9.1789858,45.4816393],[9.1790091,45.4816412],[9.1790249,45.4816426],[9.1790865,45.4816487],[9.1799591,45.4817211],[9.1800087,45.4817253],[9.1802022,45.4817416],[9.1812595,45.4818534],[9.1813344,45.4818614],[9.1813562,45.4818632],[9.1814115,45.4818678],[9.1814285,45.4818693],[9.1814499,45.4818751],[9.1814766,45.4818812],[9.1815763,45.481904],[9.181683,45.4819442],[9.1817425,45.4819665],[9.1818509,45.4820044],[9.1818706,45.4820113],[9.1818211,45.4820789],[9.1818126,45.4820906],[9.1817823,45.4821347],[9.1817677,45.4821544],[9.1816965,45.4822469],[9.1816282,45.4823355],[9.1815843,45.4824006],[9.1815315,45.4824805],[9.1815149,45.4825052],[9.1815381,45.4826596],[9.1815531,45.4827504],[9.1815851,45.482929],[9.1815872,45.4829412],[9.1815886,45.4829491],[9.1815944,45.4829855],[9.1815978,45.4830066],[9.1816046,45.4830503],[9.1816088,45.4830771],[9.1817425,45.4839325],[9.181751,45.4839868],[9.1817575,45.4840281],[9.1817638,45.4840689],[9.1818178,45.4844102],[9.1818738,45.4847645],[9.1819098,45.4849794],[9.1819298,45.4850988],[9.1819603,45.4852842],[9.1819645,45.4853752],[9.1819853,45.485493],[9.1819891,45.4855038],[9.1819939,45.4855139],[9.1820411,45.4856087],[9.1820532,45.4856836],[9.1820552,45.4856959],[9.1820576,45.4857108],[9.1820804,45.4858524],[9.1820866,45.4858913],[9.1820989,45.4859687],[9.182221,45.4867365],[9.1822325,45.4868072],[9.1791312,45.4891369],[9.17784,45.4897453],[9.1768201,45.4900945],[9.1764717,45.4901635],[9.1759742,45.490262],[9.1753724,45.4903287],[9.1743491,45.4904421],[9.1737356,45.4905164],[9.173028,45.4906021],[9.1723622,45.4907437],[9.1718125,45.4908606],[9.1714215,45.4909968],[9.1710022,45.4911429],[9.170411,45.4913618],[9.1701879,45.491477],[9.1696793,45.4917396],[9.1693742,45.4919416],[9.1684806,45.4925333],[9.1683597,45.4926134],[9.1671848,45.4934923],[9.1663553,45.4942204],[9.1661494,45.4944011],[9.1657943,45.4947128],[9.1657008,45.4947949],[9.1656799,45.4948132],[9.1655168,45.4949142],[9.1651296,45.495154],[9.1645653,45.4955034],[9.1642977,45.4956692],[9.1639123,45.4959078],[9.1635236,45.4962276],[9.1620376,45.4969011],[9.1599123,45.4978745],[9.159031,45.498282],[9.1584095,45.4985682],[9.1575615,45.4989748],[9.1539313,45.5006408],[9.152793,45.5011431],[9.1522815,45.5013721],[9.150966,45.5020011],[9.14964,45.5026295],[9.1492174,45.5029754],[9.1488293,45.5032927],[9.148696,45.5033967],[9.1485077,45.5035568],[9.1483598,45.5036964],[9.1482192,45.5038404],[9.1480902,45.5039866],[9.1479706,45.5041351],[9.1478637,45.5042757],[9.1477457,45.5044471],[9.1476552,45.5046135],[9.1475498,45.5048471],[9.1474864,45.5050116],[9.1474332,45.5051956],[9.1473946,45.5053583],[9.1473688,45.5055358],[9.1473552,45.5057226],[9.1473516,45.5058942],[9.1473632,45.5060748],[9.147387,45.506249],[9.147421,45.5064276],[9.1474671,45.5065883],[9.1475326,45.5067681],[9.147612,45.5069422],[9.1477114,45.5071352],[9.1478151,45.5073104],[9.1478914,45.5074301],[9.147974,45.5075495],[9.14807,45.50768],[9.1481594,45.5077812],[9.1482824,45.5078996],[9.1484345,45.5080384],[9.1485687,45.5081515],[9.1486753,45.5082399],[9.1488131,45.508343],[9.1488728,45.5083877],[9.1489816,45.5084652],[9.1492047,45.5086228],[9.1494334,45.508776],[9.1497124,45.5089451],[9.1499624,45.5090833],[9.1501992,45.5092126],[9.1504479,45.5093376],[9.1507021,45.509456],[9.1509167,45.509549],[9.1511225,45.5096298],[9.1513405,45.5097059],[9.1515684,45.5097783],[9.1518266,45.5098507],[9.1520821,45.509916],[9.1523578,45.5099776],[9.1526393,45.5100316],[9.1529266,45.5100762],[9.1531768,45.5101072],[9.1534091,45.5100304],[9.1526751,45.5108675],[9.1520566,45.5115419],[9.151435,45.5122016],[9.1508435,45.5128477],[9.150197,45.5135522],[9.1500107,45.5137532],[9.1498281,45.5139592],[9.1494763,45.5143767],[9.1476866,45.5164446],[9.1458143,45.5186027],[9.1453863,45.5190959],[9.1444022,45.5202091],[9.1430802,45.5218386],[9.1429127,45.5220459],[9.1425883,45.5220535],[9.1413122,45.5219114],[9.1413346,45.5218259],[9.1416462,45.5205938],[9.1384963,45.5201649],[9.1382692,45.520134],[9.1381186,45.5201135],[9.1370607,45.5199694],[9.136833,45.5211218],[9.1361516,45.5210562],[9.1359862,45.5210403],[9.1348014,45.5209262],[9.1344944,45.5222963],[9.1343818,45.5227989],[9.1343803,45.5228304],[9.1343835,45.5228574],[9.1343932,45.5228754],[9.1344188,45.5228889],[9.1344989,45.5229158],[9.1345582,45.5229292],[9.1346447,45.5229471],[9.1347199,45.5229605],[9.1348272,45.5229694],[9.1348992,45.5229828],[9.1349697,45.5229872],[9.135109,45.5230051],[9.1352226,45.5230139],[9.1354148,45.5230587],[9.1361549,45.5232964],[9.1358338,45.5242464],[9.1358046,45.524239],[9.1327395,45.5234624],[9.1326597,45.5234415],[9.130073,45.5228264],[9.1300064,45.5230966],[9.1299954,45.5231641],[9.1299812,45.5232361],[9.1299701,45.5232991],[9.1299622,45.5233666],[9.1299655,45.5233846],[9.1299673,45.5234791],[9.1299819,45.5235556],[9.1299868,45.5236186],[9.1299807,45.5237222],[9.1299363,45.5238977],[9.129906,45.5239653],[9.1298646,45.5240463],[9.1298375,45.5240869],[9.1297752,45.524168],[9.1297082,45.524231],[9.1296555,45.5242896],[9.1295916,45.5243617],[9.1295692,45.5243797],[9.1294765,45.5244428],[9.1294142,45.5244789],[9.1293455,45.5245105],[9.1292831,45.5245376],[9.1292111,45.5245601],[9.1290928,45.5246188],[9.1290688,45.5246323],[9.1290065,45.5246864],[9.1289762,45.5247179],[9.128941,45.5247495],[9.1289171,45.5247675],[9.1288771,45.5247991],[9.128858,45.5248126],[9.1288388,45.5248216],[9.1288116,45.5248441],[9.1288052,45.5248531],[9.1287813,45.5248892],[9.1287606,45.5249522],[9.1287399,45.5250017],[9.128601,45.5251414],[9.1285262,45.5246284],[9.1285244,45.5245564],[9.1285243,45.5245159],[9.1285258,45.5244439],[9.1285304,45.5243764],[9.1285447,45.5243134],[9.1285717,45.5242458],[9.1285861,45.5242098],[9.1286227,45.5241423],[9.1286642,45.5240792],[9.1287009,45.5240297],[9.1287535,45.5239576],[9.1288014,45.5238855],[9.1288412,45.523809],[9.1288715,45.5237414],[9.1289033,45.5236469],[9.1289144,45.5235929],[9.1289142,45.5235299],[9.1289093,45.5234669],[9.1288947,45.5233724],[9.1288943,45.5232103],[9.1288971,45.5230258],[9.1268707,45.5229154],[9.1248443,45.522805],[9.1240179,45.5227882],[9.1240172,45.522737],[9.1240082,45.5220277],[9.1239679,45.5218972],[9.1238408,45.5215958],[9.1237075,45.5214069],[9.1233498,45.5210518],[9.1236083,45.5206869],[9.1225052,45.5205261],[9.1224353,45.5207692],[9.1204276,45.5206013],[9.1202353,45.5215337],[9.1198185,45.5218029],[9.1176738,45.5215934],[9.1179266,45.5200179],[9.11776,45.5199821],[9.1179709,45.5197974],[9.118544,45.5190722],[9.1184256,45.519041],[9.1182717,45.5190004],[9.1174586,45.5197304],[9.1172204,45.5198791],[9.1168638,45.5200055],[9.1155025,45.520385],[9.1138875,45.5206409],[9.1133307,45.5207327],[9.1128073,45.5209345],[9.1125182,45.5211123],[9.111645,45.5217925],[9.110858,45.5224046],[9.1105123,45.5227982],[9.1098113,45.5230774],[9.1095761,45.5232725],[9.109408,45.523444],[9.109077,45.5239693],[9.1088336,45.5239155],[9.10912,45.5230556],[9.1088094,45.5229884],[9.108921,45.5228038],[9.1089029,45.5228016],[9.1073745,45.5226163],[9.1065335,45.5230806],[9.1049748,45.5221756],[9.1034792,45.5213072],[9.1029891,45.5210227],[9.1030007,45.5220803],[9.1027587,45.5231182],[9.1027217,45.5235477],[9.1026164,45.5237593],[9.1020974,45.5243989],[9.1014279,45.5250296],[9.1013833,45.5251691],[9.1011246,45.5255114],[9.100855,45.5260247],[9.1005192,45.5262095],[9.1003752,45.5262321],[9.1000214,45.5262145],[9.0996451,45.5261383],[9.0988699,45.5258644],[9.0981797,45.5257165],[9.0979622,45.5258337],[9.097444,45.5262215],[9.0974345,45.5262286],[9.0967281,45.5267574],[9.0974663,45.5268828],[9.097692,45.5268826],[9.0983119,45.5271386],[9.0987554,45.5271967],[9.0968382,45.5292761],[9.0976142,45.5291329],[9.097883,45.5290202],[9.0986226,45.5299421],[9.1011295,45.5290713],[9.1002142,45.5302108],[9.1010407,45.5304531],[9.1005684,45.5312911],[9.1005636,45.5312996],[9.0998524,45.5310617],[9.0990041,45.5320346],[9.0969153,45.5303802],[9.0962988,45.5299596],[9.09567,45.5295306],[9.0955625,45.5294182],[9.0951591,45.5294095],[9.09457,45.5293875],[9.0942018,45.5294014],[9.0936449,45.5294558],[9.0933141,45.5288395],[9.0941424,45.5282807],[9.0937627,45.5280033],[9.092923,45.527358],[9.0927811,45.526843],[9.0927622,45.5264623],[9.0928803,45.5262671],[9.0929666,45.5261454],[9.0932075,45.5259181],[9.0933756,45.5257132],[9.0934709,45.5255659],[9.0935526,45.5254378],[9.094303,45.5250789],[9.094776,45.524861],[9.0954377,45.5244877],[9.0963721,45.5239606],[9.0963012,45.5239287],[9.096076,45.5237817],[9.0942993,45.5228323],[9.0955584,45.5216439],[9.0926999,45.5204249],[9.0928283,45.5202698],[9.0933158,45.5196809],[9.0933746,45.5196119],[9.0930676,45.5197063],[9.0929084,45.5194629],[9.0930874,45.5194093],[9.0932376,45.5193048],[9.0939222,45.5177942],[9.094149,45.5172692],[9.0944687,45.5165949],[9.0945162,45.5164947],[9.0945933,45.5162771],[9.0949526,45.5161648],[9.0948729,45.5160262],[9.0950282,45.5146479],[9.0951247,45.5142731],[9.0951638,45.5141586],[9.095526,45.5134225],[9.0960165,45.5128845],[9.0964846,45.5125258],[9.0964527,45.5124747],[9.096468,45.5124293],[9.097043,45.5107237],[9.0976199,45.5095015],[9.0977386,45.5092401],[9.0978446,45.5090068],[9.0980226,45.5086149],[9.0982876,45.5079143],[9.0986683,45.506916],[9.0987369,45.5067362],[9.0987666,45.506549],[9.0981877,45.5066919],[9.0952588,45.507412],[9.0947592,45.5066852],[9.0941345,45.5058282],[9.0935744,45.5059749],[9.0931693,45.5060824],[9.0928648,45.5062015],[9.0926319,45.5063204],[9.0924741,45.5064098],[9.0923902,45.5064701],[9.0918201,45.5069476],[9.0916066,45.5070918],[9.0914567,45.5056972],[9.091412,45.5052815],[9.0913471,45.5046766],[9.091307,45.5043834],[9.0912675,45.5040047],[9.090878,45.5029879],[9.0907998,45.5028782],[9.0902993,45.5016218],[9.0901804,45.5013233],[9.09007,45.5010384],[9.0899478,45.5007159],[9.0898589,45.5004162],[9.0900557,45.5002433],[9.0904529,45.4997874],[9.0896975,45.4996569],[9.0896067,45.4995649],[9.0901241,45.4989687],[9.0900966,45.4988695],[9.0893772,45.4985662],[9.0889494,45.4983617],[9.0885575,45.4981508],[9.0880786,45.498009],[9.0878249,45.4977985],[9.0874231,45.4979176],[9.0872698,45.498051],[9.0869803,45.4979432],[9.0869213,45.4978694],[9.0868957,45.4978118],[9.0868393,45.4978155],[9.0860396,45.4988008],[9.0859628,45.4988099],[9.084234,45.4982009],[9.0838756,45.4980896],[9.0837805,45.4979258],[9.0836405,45.4975232],[9.0836083,45.4974308],[9.0835853,45.4974092],[9.0830351,45.4975771],[9.0825837,45.4977362],[9.082297,45.497714],[9.0818422,45.4977559],[9.081583,45.4978233],[9.0815731,45.4978983],[9.0815537,45.498003],[9.0815306,45.4980337],[9.0814821,45.4980715],[9.0814002,45.4981057],[9.0813423,45.498137],[9.0812832,45.4981595],[9.0807642,45.4979358],[9.0804171,45.4976737],[9.0801201,45.497489],[9.0794545,45.4973552],[9.078612,45.4973743]]]]}},{"type":"Feature","properties":{"name":"Municipio 9","boundary":"administrative","admin_level":"10","type":"boundary","osm_id":3953734,"wikidata":"Q4024698"},"geometry":{"type":"MultiPolygon","coordinates":[[[[9.1430802,45.5218386],[9.1444022,45.5202091],[9.1453863,45.5190959],[9.1458143,45.5186027],[9.1476866,45.5164446],[9.1494763,45.5143767],[9.1498281,45.5139592],[9.1500107,45.5137532],[9.150197,45.5135522],[9.1508435,45.5128477],[9.151435,45.5122016],[9.1520566,45.5115419],[9.1526751,45.5108675],[9.1534091,45.5100304],[9.1531768,45.5101072],[9.1529266,45.5100762],[9.1526393,45.5100316],[9.1523578,45.5099776],[9.1520821,45.509916],[9.1518266,45.5098507],[9.1515684,45.5097783],[9.1513405,45.5097059],[9.1511225,45.5096298],[9.1509167,45.509549],[9.1507021,45.509456],[9.1504479,45.5093376],[9.1501992,45.5092126],[9.1499624,45.5090833],[9.1497124,45.5089451],[9.1494334,45.508776],[9.1492047,45.5086228],[9.1489816,45.5084652],[9.1488728,45.5083877],[9.1488131,45.508343],[9.1486753,45.5082399],[9.1485687,45.5081515],[9.1484345,45.5080384],[9.1482824,45.5078996],[9.1481594,45.5077812],[9.14807,45.50768],[9.147974,45.5075495],[9.1478914,45.5074301],[9.1478151,45.5073104],[9.1477114,45.5071352],[9.147612,45.5069422],[9.1475326,45.5067681],[9.1474671,45.5065883],[9.147421,45.5064276],[9.147387,45.506249],[9.1473632,45.5060748],[9.1473516,45.5058942],[9.1473552,45.5057226],[9.1473688,45.5055358],[9.1473946,45.5053583],[9.1474332,45.5051956],[9.1474864,45.5050116],[9.1475498,45.5048471],[9.1476552,45.5046135],[9.1477457,45.5044471],[9.1478637,45.5042757],[9.1479706,45.5041351],[9.1480902,45.5039866],[9.1482192,45.5038404],[9.1483598,45.5036964],[9.1485077,45.5035568],[9.148696,45.5033967],[9.1488293,45.5032927],[9.1492174,45.5029754],[9.14964,45.5026295],[9.150966,45.5020011],[9.1522815,45.5013721],[9.152793,45.5011431],[9.1539313,45.5006408],[9.1575615,45.4989748],[9.1584095,45.4985682],[9.159031,45.498282],[9.1599123,45.4978745],[9.1620376,45.4969011],[9.1635236,45.4962276],[9.1639123,45.4959078],[9.1642977,45.4956692],[9.1645653,45.4955034],[9.1651296,45.495154],[9.1655168,45.4949142],[9.1656799,45.4948132],[9.1657008,45.4947949],[9.1657943,45.4947128],[9.1661494,45.4944011],[9.1663553,45.4942204],[9.1671848,45.4934923],[9.1683597,45.4926134],[9.1684806,45.4925333],[9.1693742,45.4919416],[9.1696793,45.4917396],[9.1701879,45.491477],[9.170411,45.4913618],[9.1710022,45.4911429],[9.1714215,45.4909968],[9.1718125,45.4908606],[9.1723622,45.4907437],[9.173028,45.4906021],[9.1737356,45.4905164],[9.1743491,45.4904421],[9.1753724,45.4903287],[9.1759742,45.490262],[9.1764717,45.4901635],[9.1768201,45.4900945],[9.17784,45.4897453],[9.1791312,45.4891369],[9.1822325,45.4868072],[9.182221,45.4867365],[9.1820989,45.4859687],[9.1820866,45.4858913],[9.1820804,45.4858524],[9.1820576,45.4857108],[9.1820552,45.4856959],[9.1820532,45.4856836],[9.1820411,45.4856087],[9.1819939,45.4855139],[9.1819891,45.4855038],[9.1819853,45.485493],[9.1819645,45.4853752],[9.1819603,45.4852842],[9.1819298,45.4850988],[9.1819098,45.4849794],[9.1818738,45.4847645],[9.1818178,45.4844102],[9.1817638,45.4840689],[9.1817575,45.4840281],[9.181751,45.4839868],[9.1817425,45.4839325],[9.1816088,45.4830771],[9.1816046,45.4830503],[9.1815978,45.4830066],[9.1815944,45.4829855],[9.1815886,45.4829491],[9.1815872,45.4829412],[9.1815851,45.482929],[9.1815531,45.4827504],[9.1815381,45.4826596],[9.1815149,45.4825052],[9.1815315,45.4824805],[9.1815843,45.4824006],[9.1816282,45.4823355],[9.1816965,45.4822469],[9.1817677,45.4821544],[9.1817823,45.4821347],[9.1818126,45.4820906],[9.1818211,45.4820789],[9.1818706,45.4820113],[9.1818848,45.4820163],[9.1819951,45.4820556],[9.1820335,45.4820698],[9.1820724,45.4820837],[9.182188,45.4821242],[9.1822767,45.48213],[9.1823033,45.4821284],[9.1823506,45.4821255],[9.1823666,45.4821225],[9.1840225,45.4816847],[9.1841942,45.4816347],[9.1842693,45.4816142],[9.1845693,45.4815359],[9.1853617,45.481331],[9.1860462,45.4811473],[9.185797,45.4805837],[9.1861914,45.4805068],[9.1863233,45.4804833],[9.1865727,45.4804348],[9.1868079,45.4804032],[9.1868669,45.4803953],[9.1869217,45.4803863],[9.1875201,45.4802903],[9.1874467,45.4800301],[9.1876136,45.4799991],[9.1877028,45.4802614],[9.1878198,45.4802436],[9.1880041,45.4808223],[9.1895354,45.4807574],[9.1905146,45.4807058],[9.190615,45.4806669],[9.1906504,45.4806511],[9.1906972,45.4806302],[9.1908123,45.4805804],[9.1908385,45.4805681],[9.1908647,45.4805566],[9.1908948,45.4805458],[9.1909249,45.4805358],[9.1909555,45.4805274],[9.1909915,45.480519],[9.1910262,45.4805128],[9.1910648,45.4805065],[9.1911191,45.4804984],[9.1912713,45.4804771],[9.1923461,45.4803244],[9.1923412,45.4803093],[9.192313,45.4802085],[9.1922705,45.4800483],[9.1922211,45.4798621],[9.1922093,45.4798282],[9.1921746,45.4797483],[9.1922182,45.4797442],[9.1922733,45.4797387],[9.1923966,45.4797249],[9.1928998,45.4796686],[9.1930349,45.4796531],[9.1931458,45.4796453],[9.1934487,45.4796176],[9.1938006,45.4795713],[9.1939366,45.4795439],[9.1940472,45.4795176],[9.1941655,45.4794871],[9.1942093,45.4794725],[9.1942357,45.4794628],[9.1943697,45.4794074],[9.1944623,45.479424],[9.1945255,45.4794393],[9.1945713,45.4794541],[9.1946065,45.4794687],[9.1946177,45.4794772],[9.1946683,45.4795176],[9.1947485,45.4796071],[9.1947694,45.4796285],[9.1947863,45.4796403],[9.1948387,45.4796741],[9.1953879,45.4799304],[9.1960302,45.4801909],[9.1962635,45.4802895],[9.1963271,45.4803091],[9.1964761,45.480334],[9.1966797,45.4804932],[9.1967042,45.4805263],[9.1967528,45.4805571],[9.1967738,45.480571],[9.1968097,45.4805882],[9.1968608,45.4806288],[9.1968707,45.4806341],[9.1973145,45.4808733],[9.1973472,45.4808909],[9.1973958,45.4809171],[9.1975146,45.4809634],[9.1974629,45.4809861],[9.1973732,45.4810287],[9.1973248,45.4810501],[9.1974712,45.4815225],[9.1974996,45.4815782],[9.197837,45.4824706],[9.1979842,45.4828507],[9.1980897,45.4831278],[9.1981079,45.4831755],[9.198126,45.4832224],[9.1983416,45.4837887],[9.1983748,45.483888],[9.1984086,45.4839821],[9.1987559,45.4848883],[9.1989026,45.4852743],[9.1989097,45.4852928],[9.1989889,45.4854984],[9.1992739,45.4862378],[9.1993181,45.4863569],[9.1992413,45.4863976],[9.1986775,45.4866992],[9.1984043,45.486846],[9.198319,45.4868899],[9.1982552,45.4869228],[9.1982206,45.4869413],[9.1981376,45.4869866],[9.1980304,45.4870457],[9.1979381,45.4870976],[9.197907,45.4871137],[9.1978712,45.4871329],[9.1973512,45.487408],[9.1971432,45.4875191],[9.1971209,45.4875298],[9.1969515,45.4876189],[9.196868,45.4876629],[9.196593,45.4878303],[9.1964775,45.4878827],[9.1964006,45.4879144],[9.196201,45.4879979],[9.1961337,45.488026],[9.1959015,45.4881212],[9.1958732,45.4881302],[9.1958107,45.4881506],[9.1956966,45.4881884],[9.195554,45.4882416],[9.1955137,45.4882586],[9.1954217,45.4882956],[9.1952068,45.4883821],[9.1951231,45.4884158],[9.1950812,45.4884327],[9.1949836,45.4884629],[9.1946692,45.4885614],[9.1941332,45.4887293],[9.1940301,45.4887616],[9.1931683,45.4890317],[9.1931064,45.4890534],[9.1928991,45.4891207],[9.1927199,45.4891762],[9.1926535,45.4891961],[9.1923583,45.4892861],[9.1921736,45.4893434],[9.192106,45.4893661],[9.1919493,45.4894161],[9.1917647,45.489475],[9.19165,45.48969],[9.1914227,45.4901143],[9.1928136,45.4924934],[9.1929029,45.4926487],[9.193924,45.4944839],[9.1944692,45.4954637],[9.1945814,45.4956642],[9.1957609,45.4977752],[9.1966115,45.4992681],[9.1966376,45.4993096],[9.1972751,45.5004258],[9.1973724,45.5005998],[9.1977383,45.5012531],[9.1982557,45.5021571],[9.1989268,45.5033432],[9.1992975,45.5032878],[9.2005103,45.5030979],[9.2008393,45.5030444],[9.2061034,45.5022331],[9.2064767,45.5021734],[9.2065065,45.5021828],[9.2082114,45.5044113],[9.2082921,45.5045206],[9.2085366,45.504843],[9.2089127,45.5053267],[9.2105535,45.5074809],[9.2108969,45.5079508],[9.211523,45.5088301],[9.2118273,45.5091801],[9.2121852,45.5096724],[9.2123629,45.5099319],[9.2125578,45.5102092],[9.2133027,45.5112522],[9.2135082,45.511544],[9.2139895,45.5122516],[9.2148269,45.5134255],[9.2145793,45.513502],[9.2146322,45.5135724],[9.2155803,45.5148348],[9.2162143,45.5158407],[9.2163307,45.5160254],[9.2166284,45.5165325],[9.2171891,45.5174031],[9.219137,45.5198366],[9.2201593,45.5209758],[9.2221281,45.5231152],[9.222222,45.5232051],[9.2225232,45.5235269],[9.2227238,45.5237249],[9.222329,45.5236601],[9.2219493,45.5235798],[9.2214774,45.5236393],[9.2208744,45.5237664],[9.2203282,45.5252932],[9.2196797,45.5252449],[9.219605,45.5257761],[9.2192083,45.5258714],[9.219443,45.5261185],[9.2174544,45.5268063],[9.2166313,45.5271364],[9.2164859,45.5276273],[9.2163903,45.5281585],[9.2164573,45.5285049],[9.2166829,45.5293146],[9.2144114,45.5293234],[9.213518,45.529289],[9.2137967,45.5301841],[9.2130521,45.5301225],[9.2125456,45.5299479],[9.2119803,45.529895],[9.2119884,45.5294989],[9.2113821,45.5283299],[9.2098786,45.5282336],[9.2098617,45.5284182],[9.20977,45.5284167],[9.2099884,45.5287108],[9.2073453,45.5286442],[9.2072229,45.5283742],[9.20694,45.5283695],[9.2070624,45.5294314],[9.2045565,45.5292424],[9.2043386,45.5292112],[9.2039847,45.5291579],[9.2013685,45.5285774],[9.2009745,45.5298743],[9.2000247,45.529723],[9.2002104,45.5287076],[9.2002618,45.5284264],[9.1992512,45.5282823],[9.1991391,45.5282663],[9.1992166,45.5280007],[9.1985722,45.5277498],[9.1987133,45.527376],[9.1970684,45.5271043],[9.196823,45.5278788],[9.1964402,45.5277985],[9.1957992,45.5294333],[9.1946411,45.5292328],[9.1949378,45.5284717],[9.1950095,45.5283635],[9.1950809,45.5281924],[9.1952424,45.5276745],[9.1927081,45.5272448],[9.1926713,45.5272386],[9.1926345,45.5272361],[9.192637,45.5273498],[9.1926746,45.5277399],[9.1926755,45.5278634],[9.1909615,45.5280059],[9.1903889,45.5276603],[9.1905119,45.5271155],[9.1893233,45.526861],[9.1892291,45.5269196],[9.1890694,45.5270324],[9.1889066,45.5271677],[9.1888489,45.5272372],[9.1886897,45.5274291],[9.1885398,45.5275779],[9.1883771,45.5277716],[9.1881377,45.5279791],[9.1878042,45.5282812],[9.187163,45.5289708],[9.187015,45.5292501],[9.1863284,45.5307409],[9.1855447,45.5304676],[9.184642,45.5314637],[9.1845987,45.5324224],[9.1845941,45.5324854],[9.1845767,45.5325395],[9.1845672,45.532571],[9.1845465,45.5326205],[9.1844891,45.5326881],[9.1844492,45.5327377],[9.1844205,45.5327647],[9.1843838,45.5328053],[9.1843535,45.5328414],[9.1843328,45.5328729],[9.1843073,45.5329089],[9.1842898,45.5329315],[9.1842659,45.532963],[9.1842356,45.5330081],[9.1842261,45.5330306],[9.1842054,45.5330666],[9.1841959,45.5331026],[9.1841982,45.5333052],[9.1835206,45.5331893],[9.1828759,45.5343019],[9.1819565,45.5341639],[9.181941,45.5343259],[9.1804001,45.5340809],[9.1800965,45.5352425],[9.1791514,45.5350865],[9.1790657,45.5353026],[9.1782509,45.5348494],[9.1779305,45.5347733],[9.1775,45.5353411],[9.1756649,45.5352044],[9.1755453,45.5358482],[9.1742706,45.5357691],[9.174256,45.5349898],[9.1719834,45.5349175],[9.1719454,45.5350481],[9.1708294,45.5350003],[9.1707905,45.5353694],[9.1693061,45.5352456],[9.1691872,45.5356508],[9.1677365,45.5355855],[9.1677081,45.535725],[9.1657046,45.5354895],[9.165724,45.5350169],[9.1642249,45.5347805],[9.1630062,45.5346881],[9.1629114,45.5346809],[9.1628225,45.5346745],[9.1627411,45.5346683],[9.1623321,45.5346345],[9.1612985,45.5345585],[9.1609646,45.5345332],[9.1611449,45.5337588],[9.1585217,45.533416],[9.1585035,45.5326689],[9.1575245,45.5323597],[9.1578285,45.5311667],[9.1567942,45.5310133],[9.1568078,45.5309561],[9.1569713,45.53015],[9.156592,45.5301097],[9.1567799,45.5294809],[9.1569278,45.5289861],[9.1556452,45.5287778],[9.1563286,45.5265232],[9.156376,45.5263666],[9.155071,45.5262244],[9.1551848,45.5257022],[9.1538862,45.5255239],[9.1537496,45.5259202],[9.1525807,45.5257822],[9.1527142,45.525413],[9.1523251,45.5253685],[9.1526072,45.524315],[9.1515278,45.5241319],[9.1518356,45.5231234],[9.1510408,45.5230109],[9.1512026,45.5224384],[9.1513215,45.5220176],[9.1514058,45.5216953],[9.1515033,45.5213226],[9.1515199,45.5212593],[9.1515484,45.521165],[9.1510778,45.5210857],[9.151081,45.5210587],[9.1510921,45.5210136],[9.1511062,45.5209236],[9.1511554,45.5207615],[9.1511888,45.5206895],[9.1512191,45.5206264],[9.1512653,45.5205588],[9.1512988,45.5205138],[9.1513466,45.5204507],[9.1513801,45.5204057],[9.1514056,45.5203696],[9.1514599,45.5203201],[9.1515158,45.5202615],[9.1515876,45.5201984],[9.1517441,45.5200631],[9.1518432,45.519991],[9.1519374,45.5199324],[9.1520829,45.5198512],[9.1523657,45.5196888],[9.1524712,45.5196301],[9.1527971,45.5194199],[9.1531486,45.5191955],[9.1535218,45.5189888],[9.1536391,45.5189039],[9.1537093,45.5188093],[9.1538176,45.5186202],[9.1515419,45.5181007],[9.1514403,45.5183758],[9.1500311,45.5180942],[9.1500016,45.5181794],[9.1497673,45.5188011],[9.1483456,45.518632],[9.1477111,45.5201855],[9.1483228,45.5202927],[9.1482394,45.5208284],[9.1487742,45.5208952],[9.1484837,45.5218362],[9.1456083,45.5214066],[9.1452646,45.5227468],[9.1438521,45.5226252],[9.1440799,45.5215988],[9.1436445,45.5215769],[9.1435782,45.521919],[9.1430802,45.5218386]]]]}}]}